producto,url_en,url_es,url_pt_BR,url_it,idiomas,confianza
Home,https://www.perugrandtravel.com/,https://www.viajesmachupicchutours.com/,https://www.machupicchupacotes.com/,https://www.viaggiomachupicchu.it/,4,alta
City Tour Cusco,https://www.perugrandtravel.com/tour/city-tour-in-cusco/,https://www.viajesmachupicchutours.com/tour/cusco-city-tour/,https://www.machupicchupacotes.com/pacote/city-tour-cusco/,— NO EXISTE —,3,alta
Planetario Cusco,https://www.perugrandtravel.com/tour/cusco-planetarium/,https://www.viajesmachupicchutours.com/tour/planetario-cusco/,https://www.machupicchupacotes.com/pacote/planetario-cusco/,— NO EXISTE —,3,alta
Matrimonio Andino,https://www.perugrandtravel.com/tour/andean-wedding-full-day/,https://www.viajesmachupicchutours.com/tour/matrimonio-andino-full-day/,https://www.machupicchupacotes.com/pacote/casamento-andino-full-day/,https://www.viaggiomachupicchu.it/tour/matrimonio-andino/,4,alta
Laguna Humantay,https://www.perugrandtravel.com/tour/humantay-lake-full-day/,https://www.viajesmachupicchutours.com/tour/laguna-humantay-full-day/,https://www.machupicchupacotes.com/pacote/laguna-humantay-1d/,https://www.viaggiomachupicchu.it/tour/laguna-humantay/,4,alta
Vinicunca / Montaña de Colores,https://www.perugrandtravel.com/tour/rainbow-mountain-full-day/,https://www.viajesmachupicchutours.com/tour/vinicunca-montana-de-colores-1-dia/,https://www.machupicchupacotes.com/pacote/montanha-colorida-1d/,https://www.viaggiomachupicchu.it/tour/montagna-arcobaleno/,4,alta
Vinicunca en cuatrimoto,https://www.perugrandtravel.com/tour/atv-rainbow-mountain/,https://www.viajesmachupicchutours.com/tour/montana-de-7-colores-en-cuatrimoto/,https://www.machupicchupacotes.com/pacote/montanha-colorida-quadricilo/,https://www.viaggiomachupicchu.it/tour/montagna-arcobaleno-in-atv/,4,alta
Palccoyo,https://www.perugrandtravel.com/tour/palccoyo-rainbow-mountain-full-day/,https://www.viajesmachupicchutours.com/tour/palccoyo-cordillera-de-arcoiris-1-dia/,https://www.machupicchupacotes.com/pacote/montanha-palccoyo-1d/,https://www.viaggiomachupicchu.it/tour/montagna-arcobaleno-palccoyo/,4,alta
7 Lagunas de Ausangate,https://www.perugrandtravel.com/tour/ausangate-7-lakes-day-trip/,https://www.viajesmachupicchutours.com/tour/caminata-7-lagunas-ausangate/,https://www.machupicchupacotes.com/pacote/7-lagunas-ausangate/,https://www.viaggiomachupicchu.it/tour/7-lagune-ausangate/,4,alta
Qeswachaka,https://www.perugrandtravel.com/tour/qeswachaka-bridge-full-day/,https://www.viajesmachupicchutours.com/tour/qeswachaka-4-lagunas-full-day/,https://www.machupicchupacotes.com/pacote/qeswachaka-1d/,https://www.viaggiomachupicchu.it/tour/ponte-inca-qeswachaka/,4,media
"Maras, Moray y Salineras",https://www.perugrandtravel.com/tour/maras-moray-and-the-salineras-full-day/,https://www.viajesmachupicchutours.com/tour/salineras-maras-moray/,https://www.machupicchupacotes.com/pacote/salineras-maras-moray/,— NO EXISTE —,3,alta
Maras Moray en cuatrimoto,https://www.perugrandtravel.com/tour/maras-moray-and-salineras-atv-tour/,https://www.viajesmachupicchutours.com/tour/maras-moray-salineras-quatrimoto/,https://www.machupicchupacotes.com/pacote/salineras-maras-moray-de-quadriciclo/,https://www.viaggiomachupicchu.it/tour/atv-di-maras-moray/,4,alta
Maras Moray en bicicleta,https://www.perugrandtravel.com/tour/tour-by-bike-maras-moray-and-salineras/,https://www.viajesmachupicchutours.com/tour/bike-maras-moray-salineras/,https://www.machupicchupacotes.com/pacote/moray-e-salineiras-bike-1d/,https://www.viaggiomachupicchu.it/tour/bicicletta-di-maras-moray/,4,alta
Valle Sur de Cusco,https://www.perugrandtravel.com/tour/tour-south-valley-cusco/,https://www.viajesmachupicchutours.com/tour/tour-valle-sur-cusco/,https://www.machupicchupacotes.com/pacote/vale-sul/,— NO EXISTE —,3,alta
Waqrapukara,https://www.perugrandtravel.com/tour/tour-waqrapukara-cusco/,https://www.viajesmachupicchutours.com/tour/tour-waqrapukara-cusco/,— NO EXISTE —,— NO EXISTE —,2,alta
Cañón del Cóndor,https://www.perugrandtravel.com/tour/condor-canyon-cusco-full-day/,— NO EXISTE —,— NO EXISTE —,— NO EXISTE —,1,alta
Domo Laguna Piuray,https://www.perugrandtravel.com/tour/dome-piuray-lagoon/,— NO EXISTE —,— NO EXISTE —,— NO EXISTE —,1,alta
Rafting y Tirolesa,https://www.perugrandtravel.com/tour/cusco-rafting-and-zipline/,— NO EXISTE —,https://www.machupicchupacotes.com/pacote/cusco-rafting-tirolesa-1d/,— NO EXISTE —,2,alta
Machu Picchu Full Day,https://www.perugrandtravel.com/tour/machu-picchu-full-day/,https://www.viajesmachupicchutours.com/tour/machu-picchu-1-dia/,https://www.machupicchupacotes.com/pacote/machu-picchu-full-day/,https://www.viaggiomachupicchu.it/tour/machu-picchu-1-giorno/,4,alta
Valle Sagrado de los Incas,https://www.perugrandtravel.com/tour/sacred-valley-of-the-incas-tour/,https://www.viajesmachupicchutours.com/tour/tour-valle-sagrado-de-los-incas/,https://www.machupicchupacotes.com/pacote/vale-sagrado-dos-incas/,— NO EXISTE —,3,alta
Valle Sagrado VIP / Super,https://www.perugrandtravel.com/tour/super-sacred-valley-tour/,https://www.viajesmachupicchutours.com/tour/tour-valle-sagrado-de-los-incas-vip/,— NO EXISTE —,— NO EXISTE —,2,alta
Valle Sagrado + Machu Picchu 2D,https://www.perugrandtravel.com/tour/sacred-valley-machu-picchu-2d/,https://www.viajesmachupicchutours.com/tour/valle-sagrado-y-machu-picchu-2d/,https://www.machupicchupacotes.com/pacote/vale-sagrado-e-machu-picchu-2d/,— NO EXISTE —,3,alta
Camino Inca Clásico 4D,https://www.perugrandtravel.com/tour/classic-inca-trail-4d/,https://www.viajesmachupicchutours.com/tour/camino-inca-clasico-4-dias/,https://www.machupicchupacotes.com/pacote/trilha-inca-classica-4d/,https://www.viaggiomachupicchu.it/tour/cammino-inca-4-giorni/,4,alta
Camino Inca 7D,https://www.perugrandtravel.com/tour/classic-inca-trail-7-days/,https://www.viajesmachupicchutours.com/tour/camino-inca-7d-traslados/,https://www.machupicchupacotes.com/pacote/trilha-inca-classica-7d/,https://www.viaggiomachupicchu.it/tour/cammino-inca-7-giorni/,4,alta
Camino Inca Corto 2D,https://www.perugrandtravel.com/tour/short-inca-trail-2d/,https://www.viajesmachupicchutours.com/tour/camino-inca-corto-2-dias/,https://www.machupicchupacotes.com/pacote/trilha-inca-curta-2d/,https://www.viaggiomachupicchu.it/tour/cammino-inca-2-giorni/,4,alta
Camino Inca Corto + Valle Sagrado 3D,https://www.perugrandtravel.com/tour/sacred-valley-short-inca-trail-3d/,https://www.viajesmachupicchutours.com/tour/camino-inca-corto-valle-sagrado-3-dias/,https://www.machupicchupacotes.com/pacote/vale-sagrado-trilha-inca-curta-3d/,https://www.viaggiomachupicchu.it/tour/valle-sacro-cammino-inca-3-giorni/,4,alta
Inca Jungle 4D,https://www.perugrandtravel.com/tour/inca-jungle-trek-4d/,https://www.viajesmachupicchutours.com/tour/camino-inca-jungle-4-dias/,https://www.machupicchupacotes.com/pacote/inca-jungle-bike-4d/,— NO EXISTE —,3,alta
Inca Jungle Combinada 7D,https://www.perugrandtravel.com/tour/inca-jungle-combined-7d/,https://www.viajesmachupicchutours.com/tour/camino-inca-jungle-aventura-7-dias/,https://www.machupicchupacotes.com/pacote/inca-jungle-combinada-7d/,— NO EXISTE —,3,alta
Salkantay Trek 4D,https://www.perugrandtravel.com/tour/salkantay-trek-4-days/,https://www.viajesmachupicchutours.com/tour/salkantay-trek-4d/,https://www.machupicchupacotes.com/pacote/trilha-salkantay-4d/,— NO EXISTE —,3,alta
Salkantay Sky 5D,https://www.perugrandtravel.com/tour/the-classic-salkantay-trek-5d/,https://www.viajesmachupicchutours.com/tour/camino-salkantay-sky-machu-picchu-5-dias/,https://www.machupicchupacotes.com/pacote/trilha-salkantay-sky-5d/,— NO EXISTE —,3,media
Salkantay Combinada 7D,— NO EXISTE —,https://www.viajesmachupicchutours.com/tour/camino-inca-salkantay-machu-picchu-7-dias/,https://www.machupicchupacotes.com/pacote/trilha-salkantay-combinada-7d/,— NO EXISTE —,2,media
Humantay + Salkantay Pass 2D,https://www.perugrandtravel.com/tour/trek-humantay-salkantay-2d/,— NO EXISTE —,https://www.machupicchupacotes.com/pacote/trilha-laguna-humantay-salkantay-pass-2-dias/,— NO EXISTE —,2,alta
Lares Trek 4D,https://www.perugrandtravel.com/tour/lares-trek-4d/,https://www.viajesmachupicchutours.com/tour/lares-machu-picchu-4-dias/,https://www.machupicchupacotes.com/pacote/trilha-lares-4d/,— NO EXISTE —,3,alta
Choquequirao 5D,https://www.perugrandtravel.com/tour/choquequirao-trek-5d/,https://www.viajesmachupicchutours.com/tour/choquequirao-5-dias/,https://www.machupicchupacotes.com/pacote/trilha-choquequirao-5d/,— NO EXISTE —,3,alta
Machu Picchu Express 3D,https://www.perugrandtravel.com/tour/machu-picchu-express-3d/,https://www.viajesmachupicchutours.com/tour/cusco-machu-picchu-3-dias/,https://www.machupicchupacotes.com/pacote/machu-picchu-express-3d/,https://www.viaggiomachupicchu.it/tour/machu-picchu-3-giorni/,4,alta
Machu Picchu 2D,https://www.perugrandtravel.com/tour/incredible-machu-picchu-2d/,https://www.viajesmachupicchutours.com/tour/cusco-machu-picchu-2-dias/,— NO EXISTE —,https://www.viaggiomachupicchu.it/tour/machu-picchu-2-giorni/,3,alta
Machu Picchu Moderado 4D,https://www.perugrandtravel.com/tour/machu-picchu-moderate-4d/,https://www.viajesmachupicchutours.com/tour/cusco-machu-picchu-4-dias/,https://www.machupicchupacotes.com/pacote/machu-picchu-4d/,https://www.viaggiomachupicchu.it/tour/machu-picchu-4-giorni/,4,alta
Machu Picchu Clásico 5D,https://www.perugrandtravel.com/tour/classic-machu-picchu-5d/,https://www.viajesmachupicchutours.com/tour/machu-picchu-clasico-5d/,https://www.machupicchupacotes.com/pacote/machu-picchu-classico-5d/,https://www.viaggiomachupicchu.it/tour/machu-picchu-5-giorni/,4,alta
Machu Picchu + Humantay 6D,https://www.perugrandtravel.com/tour/machu-picchu-humantay-lake-6d/,https://www.viajesmachupicchutours.com/tour/machu-picchu-laguna-humantay-6-dias/,https://www.machupicchupacotes.com/pacote/machu-picchu-laguna-humantay-6d/,https://www.viaggiomachupicchu.it/tour/machu-picchu-laguna-humantay-6-giorni/,4,alta
Machu Picchu Picnic con Llamas 7D,https://www.perugrandtravel.com/tour/machu-picchu-experience-picnic-with-llamas-7d/,https://www.viajesmachupicchutours.com/tour/machu-picchu-picnic-con-llamas-7d/,https://www.machupicchupacotes.com/pacote/machu-picchu-piquenique-com-lhamas-7d/,https://www.viaggiomachupicchu.it/tour/machu-picchu-picnic-con-lama-7-giorni/,4,alta
Increíble Experiencia Machu Picchu 7D,https://www.perugrandtravel.com/tour/incredible-experience-machu-picchu-7d/,https://www.viajesmachupicchutours.com/tour/cusco-valle-sagrado-machu-picchu-7-dias/,https://www.machupicchupacotes.com/pacote/incrivel-experiencia-machu-picchu-7d/,https://www.viaggiomachupicchu.it/tour/incredibile-machu-picchu-7-giorni/,4,media
Desafío Machu Picchu 8D,https://www.perugrandtravel.com/tour/machu-picchu-challenge-8d/,https://www.viajesmachupicchutours.com/tour/desafio-machu-picchu-8d/,https://www.machupicchupacotes.com/pacote/desafio-machu-picchu-8d/,— NO EXISTE —,3,alta
Machu Picchu Inolvidable 8D,https://www.perugrandtravel.com/tour/unforgettable-machu-picchu-8d/,https://www.viajesmachupicchutours.com/tour/cusco-machu-picchu-inolvidable-8-dias/,https://www.machupicchupacotes.com/pacote/machu-picchu-inesquecivel-8d/,https://www.viaggiomachupicchu.it/tour/machu-picchu-indimenticabile-8-giorni/,4,alta
Encuentro de los Incas 8D,https://www.perugrandtravel.com/tour/inca-encounters-8d/,https://www.viajesmachupicchutours.com/tour/encuentro-de-los-incas-8-dias/,https://www.machupicchupacotes.com/pacote/machu-picchu-com-alpacas-8-dias/,https://www.viaggiomachupicchu.it/tour/incontro-degli-incas-8-giorni/,4,media
Machu Picchu Extreme Challenge,https://www.perugrandtravel.com/tour/machu-picchu-extreme-challenge/,https://www.viajesmachupicchutours.com/tour/desafio-de-los-incas-15-dias/,— NO EXISTE —,https://www.viaggiomachupicchu.it/tour/sfida-degli-inca-15-giorni/,3,media
Cusco Espectacular 7D,https://www.perugrandtravel.com/tour/spectacular-cusco-7-days/,https://www.viajesmachupicchutours.com/tour/cusco-espectacular-7d/,https://www.machupicchupacotes.com/pacote/cusco-espetacular-7d/,— NO EXISTE —,3,alta
Perú Espectacular 10D,https://www.perugrandtravel.com/tour/spectacular-peru-10d/,https://www.viajesmachupicchutours.com/tour/peru-espectacular-10-dias/,https://www.machupicchupacotes.com/pacote/peru-espetacular-10d/,https://www.viaggiomachupicchu.it/tour/peru-spettacolare-10-giorni/,4,alta
Perú Histórico y Gastronómico 10D,https://www.perugrandtravel.com/tour/gastronomic-and-historic-peru-10d/,https://www.viajesmachupicchutours.com/tour/peru-historico-gastronomico-10-dias/,https://www.machupicchupacotes.com/pacote/peru-historico-e-gastronomico-10d/,https://www.viaggiomachupicchu.it/tour/peru-storico-e-gastronomico-10-giorni/,4,alta
Orígenes de los Incas 10D,https://www.perugrandtravel.com/tour/origins-of-the-incas-10d/,https://www.viajesmachupicchutours.com/tour/origenes-de-los-incas-10d/,https://www.machupicchupacotes.com/pacote/peru-mistico-10-dias/,https://www.viaggiomachupicchu.it/tour/origini-degli-incas-10-giorni/,4,media
Fascinante Aventura en los Andes 11D,https://www.perugrandtravel.com/tour/fascinating-adventure-challenge-in-the-andes-11-days/,https://www.viajesmachupicchutours.com/tour/fascinante-aventura-y-desafio-en-los-andes-11d/,https://www.machupicchupacotes.com/pacote/fascinante-aventura-desafio-nos-andes-11d/,https://www.viaggiomachupicchu.it/tour/affascinante-avventura-sfida-sulle-ande-11-giorni/,4,alta
Perú Maravilloso 12D,https://www.perugrandtravel.com/tour/wonderful-peru-12-days/,https://www.viajesmachupicchutours.com/tour/peru-maravilloso-12d/,https://www.machupicchupacotes.com/pacote/peru-maravilhoso-12d/,https://www.viaggiomachupicchu.it/tour/peru-meraviglioso-12-giorni/,4,alta
Maravillas del Perú 13D,https://www.perugrandtravel.com/tour/wonder-of-peru-coast-andes-and-rainforest-13d/,https://www.viajesmachupicchutours.com/tour/explora-las-maravillas-del-peru-13d/,— NO EXISTE —,— NO EXISTE —,2,alta
Orígenes y Misterios de los Andes 16D,https://www.perugrandtravel.com/tour/origins-and-mysteries-of-the-andes-16d/,https://www.viajesmachupicchutours.com/tour/origenes-y-misterios-de-los-andes-16d/,https://www.machupicchupacotes.com/pacote/origens-e-misterios-dos-andes-16d/,— NO EXISTE —,3,alta
Tesoros Escondidos Huaraz 17D,https://www.perugrandtravel.com/tour/hidden-treasures-huaraz-17d/,https://www.viajesmachupicchutours.com/tour/increibles-tesoros-escondidos-huaraz-17d/,https://www.machupicchupacotes.com/pacote/tesouros-escondidos-huaraz-17d/,— NO EXISTE —,3,alta
Lima Colonial + Tierra Sagrada 7D,https://www.perugrandtravel.com/tour/colonial-lima-and-sacred-land-of-the-incas-7d/,https://www.viajesmachupicchutours.com/tour/lima-colonial-tierra-sagrada-de-los-incas-7-dias/,https://www.machupicchupacotes.com/pacote/lima-colonial-e-terra-sagrada-dos-incas-7d/,https://www.viaggiomachupicchu.it/tour/lima-coloniale-e-terra-sacra-degli-inca-7-giorni/,4,alta
Lima Colonial + Huacachina 9D,https://www.perugrandtravel.com/tour/colonial-lima-huacachina-and-sacred-land-of-the-incas-9-days/,https://www.viajesmachupicchutours.com/tour/lima-colonial-huacachina-y-tierra-sagrada-de-los-incas-9d/,https://www.machupicchupacotes.com/pacote/lima-colonial-huacachina-e-terra-sagrada-dos-incas-9d/,https://www.viaggiomachupicchu.it/tour/lima-huacachina-e-terra-sacra-degli-incas-9-giorni/,4,alta
Lima Colonial + Matrimonio Andino 8D,— NO EXISTE —,— NO EXISTE —,https://www.machupicchupacotes.com/pacote/lima-colonial-terra-sagrada-dos-incas-casamento-andino-8-dias/,— NO EXISTE —,1,alta
Islas Ballestas + Huacachina,https://www.perugrandtravel.com/tour/ballestas-huacachina-islands-full-day/,https://www.viajesmachupicchutours.com/tour/islas-ballestas-huacachina-full-day/,— NO EXISTE —,— NO EXISTE —,2,alta
Ruta Moche: Chiclayo y Trujillo 5D,https://www.perugrandtravel.com/tour/moche-route-chiclayo-and-trujillo-5d/,https://www.viajesmachupicchutours.com/tour/tours-a-trujillo-y-chiclayo/,https://www.machupicchupacotes.com/pacote/rota-moche-chiclayo-e-trujillo-5d/,— NO EXISTE —,3,alta
Amazonía 4D (Tambopata),https://www.perugrandtravel.com/tour/amazon-rainforest-4d/,https://www.viajesmachupicchutours.com/tour/tour-tambopata-4dias/,— NO EXISTE —,— NO EXISTE —,2,alta
Amazonía Express 3D,https://www.perugrandtravel.com/tour/amazon-rainforest-express-3d/,https://www.viajesmachupicchutours.com/tour/amazonia-express/,— NO EXISTE —,— NO EXISTE —,2,alta
Perú Amazonía 9D,https://www.perugrandtravel.com/tour/peru-amazon-rainforest-9d/,https://www.viajesmachupicchutours.com/tour/peru-cultura-viva-eco-amazonia/,— NO EXISTE —,— NO EXISTE —,2,media
Cusco + Selva Amazónica,— NO EXISTE —,https://www.viajesmachupicchutours.com/tour/explora-cusco-selva-amazonica/,— NO EXISTE —,— NO EXISTE —,1,alta
Camino Inca Corto + Amazonía 8D,https://www.perugrandtravel.com/tour/short-inca-trail-with-amazon-rainforest-8d/,— NO EXISTE —,— NO EXISTE —,— NO EXISTE —,1,alta
Inti Raymi,https://www.perugrandtravel.com/tour/inti-raymi-full-day/,https://www.viajesmachupicchutours.com/tour/inti-raymi-fiesta-del-sol-full-day/,https://www.machupicchupacotes.com/pacote/inti-raymi-1d/,https://www.viaggiomachupicchu.it/tour/inti-raymi-1-giorno/,4,alta
Corpus Christi,https://www.perugrandtravel.com/tour/cusco-corpus-christi/,https://www.viajesmachupicchutours.com/tour/corpus-christi-cusco-4d-3n/,https://www.machupicchupacotes.com/pacote/corpus-christi-cusco-4d/,— NO EXISTE —,3,alta
Semana Santa,https://www.perugrandtravel.com/tour/holy-week-in-cusco/,https://www.viajesmachupicchutours.com/tour/semana-santa-en-cusco-6d/,https://www.machupicchupacotes.com/pacote/semana-santa-cusco-6d/,— NO EXISTE —,3,alta
Año Nuevo / Réveillon Machu Picchu,— NO EXISTE —,— NO EXISTE —,https://www.machupicchupacotes.com/pacote/reveillon-machu-picchu/,https://www.viaggiomachupicchu.it/tour/capodanno-machu-picchu/,2,alta
Grand Deluxe Belmond 5D,https://www.perugrandtravel.com/tour/grand-deluxe-cusco-machu-picchu-by-belmond-5-days/,— NO EXISTE —,— NO EXISTE —,— NO EXISTE —,1,alta
Grand Deluxe Casa Andina 5D,https://www.perugrandtravel.com/tour/grand-deluxe-cusco-machu-picchu-by-casa-andina-hotels-5-days/,— NO EXISTE —,— NO EXISTE —,— NO EXISTE —,1,alta
Grand Deluxe Inkaterra 5D,https://www.perugrandtravel.com/tour/grand-deluxe-cusco-machu-picchu-by-inkaterra-hotels-5-days/,— NO EXISTE —,— NO EXISTE —,— NO EXISTE —,1,alta
Grand Deluxe Luxury Collection 5D,https://www.perugrandtravel.com/tour/grand-deluxe-cusco-machu-picchu-by-luxury-collection-hotels-5-days/,— NO EXISTE —,— NO EXISTE —,— NO EXISTE —,1,alta
Grand Deluxe Belmond Andean Explorer 10D,https://www.perugrandtravel.com/tour/peru-grand-deluxe-by-belmond-andean-explorer-10-days/,— NO EXISTE —,— NO EXISTE —,— NO EXISTE —,1,alta
Grand Deluxe Lima-Cusco-MP 7D,https://www.perugrandtravel.com/tour/peru-grand-deluxe-lima-cusco-machu-picchu-7days/,— NO EXISTE —,— NO EXISTE —,— NO EXISTE —,1,alta
