producto,mercado_faltante,existe_en,url_referencia
City Tour Cusco,it,"en, es, pt-BR",https://www.perugrandtravel.com/tour/city-tour-in-cusco/
Planetario Cusco,it,"en, es, pt-BR",https://www.perugrandtravel.com/tour/cusco-planetarium/
"Maras, Moray y Salineras",it,"en, es, pt-BR",https://www.perugrandtravel.com/tour/maras-moray-and-the-salineras-full-day/
Valle Sur de Cusco,it,"en, es, pt-BR",https://www.perugrandtravel.com/tour/tour-south-valley-cusco/
Waqrapukara,pt-BR,"en, es",https://www.perugrandtravel.com/tour/tour-waqrapukara-cusco/
Waqrapukara,it,"en, es",https://www.perugrandtravel.com/tour/tour-waqrapukara-cusco/
Cañón del Cóndor,es,en,https://www.perugrandtravel.com/tour/condor-canyon-cusco-full-day/
Cañón del Cóndor,pt-BR,en,https://www.perugrandtravel.com/tour/condor-canyon-cusco-full-day/
Cañón del Cóndor,it,en,https://www.perugrandtravel.com/tour/condor-canyon-cusco-full-day/
Domo Laguna Piuray,es,en,https://www.perugrandtravel.com/tour/dome-piuray-lagoon/
Domo Laguna Piuray,pt-BR,en,https://www.perugrandtravel.com/tour/dome-piuray-lagoon/
Domo Laguna Piuray,it,en,https://www.perugrandtravel.com/tour/dome-piuray-lagoon/
Rafting y Tirolesa,es,"en, pt-BR",https://www.perugrandtravel.com/tour/cusco-rafting-and-zipline/
Rafting y Tirolesa,it,"en, pt-BR",https://www.perugrandtravel.com/tour/cusco-rafting-and-zipline/
Valle Sagrado de los Incas,it,"en, es, pt-BR",https://www.perugrandtravel.com/tour/sacred-valley-of-the-incas-tour/
Valle Sagrado VIP / Super,pt-BR,"en, es",https://www.perugrandtravel.com/tour/super-sacred-valley-tour/
Valle Sagrado VIP / Super,it,"en, es",https://www.perugrandtravel.com/tour/super-sacred-valley-tour/
Valle Sagrado + Machu Picchu 2D,it,"en, es, pt-BR",https://www.perugrandtravel.com/tour/sacred-valley-machu-picchu-2d/
Inca Jungle 4D,it,"en, es, pt-BR",https://www.perugrandtravel.com/tour/inca-jungle-trek-4d/
Inca Jungle Combinada 7D,it,"en, es, pt-BR",https://www.perugrandtravel.com/tour/inca-jungle-combined-7d/
Salkantay Trek 4D,it,"en, es, pt-BR",https://www.perugrandtravel.com/tour/salkantay-trek-4-days/
Salkantay Sky 5D,it,"en, es, pt-BR",https://www.perugrandtravel.com/tour/the-classic-salkantay-trek-5d/
Salkantay Combinada 7D,en,"es, pt-BR",https://www.viajesmachupicchutours.com/tour/camino-inca-salkantay-machu-picchu-7-dias/
Salkantay Combinada 7D,it,"es, pt-BR",https://www.viajesmachupicchutours.com/tour/camino-inca-salkantay-machu-picchu-7-dias/
Humantay + Salkantay Pass 2D,es,"en, pt-BR",https://www.perugrandtravel.com/tour/trek-humantay-salkantay-2d/
Humantay + Salkantay Pass 2D,it,"en, pt-BR",https://www.perugrandtravel.com/tour/trek-humantay-salkantay-2d/
Lares Trek 4D,it,"en, es, pt-BR",https://www.perugrandtravel.com/tour/lares-trek-4d/
Choquequirao 5D,it,"en, es, pt-BR",https://www.perugrandtravel.com/tour/choquequirao-trek-5d/
Machu Picchu 2D,pt-BR,"en, es, it",https://www.perugrandtravel.com/tour/incredible-machu-picchu-2d/
Desafío Machu Picchu 8D,it,"en, es, pt-BR",https://www.perugrandtravel.com/tour/machu-picchu-challenge-8d/
Machu Picchu Extreme Challenge,pt-BR,"en, es, it",https://www.perugrandtravel.com/tour/machu-picchu-extreme-challenge/
Cusco Espectacular 7D,it,"en, es, pt-BR",https://www.perugrandtravel.com/tour/spectacular-cusco-7-days/
Maravillas del Perú 13D,pt-BR,"en, es",https://www.perugrandtravel.com/tour/wonder-of-peru-coast-andes-and-rainforest-13d/
Maravillas del Perú 13D,it,"en, es",https://www.perugrandtravel.com/tour/wonder-of-peru-coast-andes-and-rainforest-13d/
Orígenes y Misterios de los Andes 16D,it,"en, es, pt-BR",https://www.perugrandtravel.com/tour/origins-and-mysteries-of-the-andes-16d/
Tesoros Escondidos Huaraz 17D,it,"en, es, pt-BR",https://www.perugrandtravel.com/tour/hidden-treasures-huaraz-17d/
Lima Colonial + Matrimonio Andino 8D,en,pt-BR,https://www.machupicchupacotes.com/pacote/lima-colonial-terra-sagrada-dos-incas-casamento-andino-8-dias/
Lima Colonial + Matrimonio Andino 8D,es,pt-BR,https://www.machupicchupacotes.com/pacote/lima-colonial-terra-sagrada-dos-incas-casamento-andino-8-dias/
Lima Colonial + Matrimonio Andino 8D,it,pt-BR,https://www.machupicchupacotes.com/pacote/lima-colonial-terra-sagrada-dos-incas-casamento-andino-8-dias/
Islas Ballestas + Huacachina,pt-BR,"en, es",https://www.perugrandtravel.com/tour/ballestas-huacachina-islands-full-day/
Islas Ballestas + Huacachina,it,"en, es",https://www.perugrandtravel.com/tour/ballestas-huacachina-islands-full-day/
Ruta Moche: Chiclayo y Trujillo 5D,it,"en, es, pt-BR",https://www.perugrandtravel.com/tour/moche-route-chiclayo-and-trujillo-5d/
Amazonía 4D (Tambopata),pt-BR,"en, es",https://www.perugrandtravel.com/tour/amazon-rainforest-4d/
Amazonía 4D (Tambopata),it,"en, es",https://www.perugrandtravel.com/tour/amazon-rainforest-4d/
Amazonía Express 3D,pt-BR,"en, es",https://www.perugrandtravel.com/tour/amazon-rainforest-express-3d/
Amazonía Express 3D,it,"en, es",https://www.perugrandtravel.com/tour/amazon-rainforest-express-3d/
Perú Amazonía 9D,pt-BR,"en, es",https://www.perugrandtravel.com/tour/peru-amazon-rainforest-9d/
Perú Amazonía 9D,it,"en, es",https://www.perugrandtravel.com/tour/peru-amazon-rainforest-9d/
Cusco + Selva Amazónica,en,es,https://www.viajesmachupicchutours.com/tour/explora-cusco-selva-amazonica/
Cusco + Selva Amazónica,pt-BR,es,https://www.viajesmachupicchutours.com/tour/explora-cusco-selva-amazonica/
Cusco + Selva Amazónica,it,es,https://www.viajesmachupicchutours.com/tour/explora-cusco-selva-amazonica/
Camino Inca Corto + Amazonía 8D,es,en,https://www.perugrandtravel.com/tour/short-inca-trail-with-amazon-rainforest-8d/
Camino Inca Corto + Amazonía 8D,pt-BR,en,https://www.perugrandtravel.com/tour/short-inca-trail-with-amazon-rainforest-8d/
Camino Inca Corto + Amazonía 8D,it,en,https://www.perugrandtravel.com/tour/short-inca-trail-with-amazon-rainforest-8d/
Corpus Christi,it,"en, es, pt-BR",https://www.perugrandtravel.com/tour/cusco-corpus-christi/
Semana Santa,it,"en, es, pt-BR",https://www.perugrandtravel.com/tour/holy-week-in-cusco/
Año Nuevo / Réveillon Machu Picchu,en,"pt-BR, it",https://www.machupicchupacotes.com/pacote/reveillon-machu-picchu/
Año Nuevo / Réveillon Machu Picchu,es,"pt-BR, it",https://www.machupicchupacotes.com/pacote/reveillon-machu-picchu/
Grand Deluxe Belmond 5D,es,en,https://www.perugrandtravel.com/tour/grand-deluxe-cusco-machu-picchu-by-belmond-5-days/
Grand Deluxe Belmond 5D,pt-BR,en,https://www.perugrandtravel.com/tour/grand-deluxe-cusco-machu-picchu-by-belmond-5-days/
Grand Deluxe Belmond 5D,it,en,https://www.perugrandtravel.com/tour/grand-deluxe-cusco-machu-picchu-by-belmond-5-days/
Grand Deluxe Casa Andina 5D,es,en,https://www.perugrandtravel.com/tour/grand-deluxe-cusco-machu-picchu-by-casa-andina-hotels-5-days/
Grand Deluxe Casa Andina 5D,pt-BR,en,https://www.perugrandtravel.com/tour/grand-deluxe-cusco-machu-picchu-by-casa-andina-hotels-5-days/
Grand Deluxe Casa Andina 5D,it,en,https://www.perugrandtravel.com/tour/grand-deluxe-cusco-machu-picchu-by-casa-andina-hotels-5-days/
Grand Deluxe Inkaterra 5D,es,en,https://www.perugrandtravel.com/tour/grand-deluxe-cusco-machu-picchu-by-inkaterra-hotels-5-days/
Grand Deluxe Inkaterra 5D,pt-BR,en,https://www.perugrandtravel.com/tour/grand-deluxe-cusco-machu-picchu-by-inkaterra-hotels-5-days/
Grand Deluxe Inkaterra 5D,it,en,https://www.perugrandtravel.com/tour/grand-deluxe-cusco-machu-picchu-by-inkaterra-hotels-5-days/
Grand Deluxe Luxury Collection 5D,es,en,https://www.perugrandtravel.com/tour/grand-deluxe-cusco-machu-picchu-by-luxury-collection-hotels-5-days/
Grand Deluxe Luxury Collection 5D,pt-BR,en,https://www.perugrandtravel.com/tour/grand-deluxe-cusco-machu-picchu-by-luxury-collection-hotels-5-days/
Grand Deluxe Luxury Collection 5D,it,en,https://www.perugrandtravel.com/tour/grand-deluxe-cusco-machu-picchu-by-luxury-collection-hotels-5-days/
Grand Deluxe Belmond Andean Explorer 10D,es,en,https://www.perugrandtravel.com/tour/peru-grand-deluxe-by-belmond-andean-explorer-10-days/
Grand Deluxe Belmond Andean Explorer 10D,pt-BR,en,https://www.perugrandtravel.com/tour/peru-grand-deluxe-by-belmond-andean-explorer-10-days/
Grand Deluxe Belmond Andean Explorer 10D,it,en,https://www.perugrandtravel.com/tour/peru-grand-deluxe-by-belmond-andean-explorer-10-days/
Grand Deluxe Lima-Cusco-MP 7D,es,en,https://www.perugrandtravel.com/tour/peru-grand-deluxe-lima-cusco-machu-picchu-7days/
Grand Deluxe Lima-Cusco-MP 7D,pt-BR,en,https://www.perugrandtravel.com/tour/peru-grand-deluxe-lima-cusco-machu-picchu-7days/
Grand Deluxe Lima-Cusco-MP 7D,it,en,https://www.perugrandtravel.com/tour/peru-grand-deluxe-lima-cusco-machu-picchu-7days/
