tipo,titulo,url,slug,clics,impresiones,posicion
tour,Salkantay SKY Trek 4 days,https://www.perugrandtravel.com/tour/salkantay-trek-4-days/,salkantay-trek-4-days,1,"3,259",51.46
tour,"Tour of Maras, Moray & Salineras from Cusco",https://www.perugrandtravel.com/tour/maras-moray-and-the-salineras-full-day/,maras-moray-and-the-salineras-full-day,1,"2,816",46.89
tour,Inca Bridge of Q'eswachaka Full Day,https://www.perugrandtravel.com/tour/qeswachaka-bridge-full-day/,qeswachaka-bridge-full-day,1,"1,611",30.18
tour,Sacred Valley + Short Inca Trail 3 days,https://www.perugrandtravel.com/tour/sacred-valley-short-inca-trail-3d/,sacred-valley-short-inca-trail-3d,1,"1,603",58.84
tour,Incredible Machu Picchu 2D/1N,https://www.perugrandtravel.com/tour/incredible-machu-picchu-2d/,incredible-machu-picchu-2d,1,"1,329",45.54
tour,Salkantay SKY Trek 5 days,https://www.perugrandtravel.com/tour/the-classic-salkantay-trek-5d/,the-classic-salkantay-trek-5d,1,"1,218",26.79
tour,Corpus Christi in Cusco 4 days,https://www.perugrandtravel.com/tour/cusco-corpus-christi/,cusco-corpus-christi,1,"1,211",33.92
tour,Machu Picchu Moderate 4D/3N,https://www.perugrandtravel.com/tour/machu-picchu-moderate-4d/,machu-picchu-moderate-4d,1,"1,209",38.05
tour,Humantay Lake Hike (Full Day),https://www.perugrandtravel.com/tour/humantay-lake-full-day/,humantay-lake-full-day,1,"1,107",67.81
tour,Cusco Planetarium Experience,https://www.perugrandtravel.com/tour/cusco-planetarium/,cusco-planetarium,1,784,20.62
tour,Grand Deluxe Cusco & Machu Picchu by Casa Andina hotels 5 days,https://www.perugrandtravel.com/tour/grand-deluxe-cusco-machu-picchu-by-casa-andina-hotels-5-days/,grand-deluxe-cusco-machu-picchu-by-casa-andina-hotels-5-days,1,735,37.6
tour,Machu Picchu Challenge 8D/7N,https://www.perugrandtravel.com/tour/machu-picchu-challenge-8d/,machu-picchu-challenge-8d,1,589,10.13
tour,Spectacular Cusco 7 days,https://www.perugrandtravel.com/tour/spectacular-cusco-7-days/,spectacular-cusco-7-days,1,556,24.91
tour,Machu Picchu Express 3D/2N,https://www.perugrandtravel.com/tour/machu-picchu-express-3d/,machu-picchu-express-3d,1,528,29.78
tour,Tour South Valley,https://www.perugrandtravel.com/tour/tour-south-valley-cusco/,tour-south-valley-cusco,1,374,50.01
tour,"Wonder of Peru Coast, Andes and Rainforest 13D/12N",https://www.perugrandtravel.com/tour/wonder-of-peru-coast-andes-and-rainforest-13d/,wonder-of-peru-coast-andes-and-rainforest-13d,1,316,34.67
tour,Choquequirao Trek 5 days,https://www.perugrandtravel.com/tour/choquequirao-trek-5d/,choquequirao-trek-5d,1,274,59.69
tour,Grand Deluxe Cusco & Machu Picchu by Inkaterra Hotels 5 days,https://www.perugrandtravel.com/tour/grand-deluxe-cusco-machu-picchu-by-inkaterra-hotels-5-days/,grand-deluxe-cusco-machu-picchu-by-inkaterra-hotels-5-days,1,215,38.62
blog,Discover the Top 3 Hikes in Cusco: Mountain trekking adventures,https://www.perugrandtravel.com/blog/the-top-3-hikes-in-cusco/,the-top-3-hikes-in-cusco,1,"2,254",45.08
blog,Discover Ceviche and Peru in 10 Days: ¡Savor the Journey of a Lifetime!,https://www.perugrandtravel.com/blog/ceviche-peru-in-10-days/,ceviche-peru-in-10-days,1,985,8.00
blog,10 Amazing Places to Visit in Peru: A Perfect 15-Day Itinerary,https://www.perugrandtravel.com/blog/10-amazing-places-to-visit-in-peru/,10-amazing-places-to-visit-in-peru,1,766,57.86
blog,Best Things to Do in Cusco: Explore the Charm of the Inca Capital,https://www.perugrandtravel.com/blog/best-things-to-do-in-cusco/,best-things-to-do-in-cusco,1,"1,205",68.88
blog,Is it Safe to Go to Peru?: Complete Guide for a Peaceful Trip,https://www.perugrandtravel.com/blog/is-it-safe-to-go-to-peru/,is-it-safe-to-go-to-peru,1,"9,102",40.56
blog,Huayna Picchu: The Magical Mountain of the Incas,https://www.perugrandtravel.com/blog/huayna-picchu/,huayna-picchu,1,"2,854",49.43
blog,"What to visit in Cusco in 2 Days: Quick, Complete Guide",https://www.perugrandtravel.com/blog/what-to-visit-in-cusco/,what-to-visit-in-cusco,1,117,17.79
blog,Discover Peru’s Best Luxury Travel Experiences,https://www.perugrandtravel.com/blog/luxury-travel-experiences/,luxury-travel-experiences,1,263,47.83
blog,"Valentine’s Day Travel Ideas: Romantic Getaways, Experiences, and Easy Itineraries",https://www.perugrandtravel.com/blog/valentines-day-travel-ideas/,valentines-day-travel-ideas,1,877,9.72
blog,The Temple of The Merced in Puno: Discover the Colonial Jewel of the Altiplano,https://www.perugrandtravel.com/blog/temple-of-the-merced-in-puno/,temple-of-the-merced-in-puno,1,513,8.51
blog,"Luxury Hotels in Cusco, Peru: Where Elevated Travel Meets Andean Legacy",https://www.perugrandtravel.com/blog/luxury-hotels-in-cusco/,luxury-hotels-in-cusco,1,"2,705",27.67
blog,7 Magical Experiences for a Travel for Day Mom to Peru: The Ultimate Luxury Tribute,https://www.perugrandtravel.com/blog/travel-for-day-mom-to-peru/,travel-for-day-mom-to-peru,1,208,13.40
blog,10 Magical Family Packages to Lima: The Ultimate Guide to Peru’s Coastal Gem,https://www.perugrandtravel.com/blog/family-packages-to-lima/,family-packages-to-lima,1,605,10.91
blog,Museums in Machu Picchu: A Guide to the Hidden History of the Inca Citadel 2026,https://www.perugrandtravel.com/blog/museums-in-machu-picchu/,museums-in-machu-picchu,1,"2,494",6.28
blog,"Trips Adventure for Holy Week in Peru 2026: Treks, Nature &amp; Spirit",https://www.perugrandtravel.com/blog/trips-adventure-for-holy-week/,trips-adventure-for-holy-week,1,217,7.00
blog,Things to Do in Machu Picchu 2026: All The Experiences You Should Know About,https://www.perugrandtravel.com/blog/things-to-do-in-machu-picchu/,things-to-do-in-machu-picchu,1,"6,115",5.78
blog,Peru Tours: The Ultimate Guide with 15 Luxury Experiences to Transform Your Journey in 2026,https://www.perugrandtravel.com/blog/peru-tours/,peru-tours,1,738,58.25
blog,ATV Tours in Cusco 2026: The Art of Combining Adrenaline and Sacred Landscapes,https://www.perugrandtravel.com/blog/atv-tours-in-cusco/,atv-tours-in-cusco,1,159,12.54
blog,"The Best Time of Year to Visit Peru: A Strategic Guide to Seasons, Culture, and Experience",https://www.perugrandtravel.com/blog/the-best-time-of-year-to-visit-peru/,the-best-time-of-year-to-visit-peru,1,828,23.32
blog,10 Incredible Discoveries About Things to Do in Ollantaytambo: The Ultimate Guide to the Living Inca City,https://www.perugrandtravel.com/blog/things-to-do-in-ollantaytambo/,things-to-do-in-ollantaytambo,1,157,27.15
blog,Andean Art: 7 Dazzling Secrets of Peru's Cultural Soul,https://www.perugrandtravel.com/blog/andean-art/,andean-art,1,515,13.16
blog,Vinicunca Elevation: 5 Secrets to Conquer the Rainbow Mountain Without Losing Your Breath,https://www.perugrandtravel.com/blog/vinicunca-elevation/,vinicunca-elevation,1,198,15.24
blog,Inca Trail Sold Out? 5 Epic Alternatives When Permits Are Gone,https://www.perugrandtravel.com/blog/inca-trail-sold-out/,inca-trail-sold-out,1,81,15.77
blog,7 Traditional Dances of Peru You Need to Experience in 2026: A Cultural Privilege,https://www.perugrandtravel.com/blog/traditional-dances-of-peru/,traditional-dances-of-peru,1,"1,137",18.56
blog,Peru in May 2026: 7 Secrets of the Andes' Golden Month,https://www.perugrandtravel.com/blog/peru-in-may/,peru-in-may,1,313,11.21
blog,10 Fascinating Museums in Lima: The Sophisticated Traveler’s Cultural Oasis,https://www.perugrandtravel.com/blog/best-museums-in-lima/,best-museums-in-lima,1,238,30.56
blog,7 Breathtaking Secrets of the Terraces of Moray: The Incan Agricultural Masterpiece,https://www.perugrandtravel.com/blog/terraces-of-moray/,terraces-of-moray,1,64,27.86
blog,The Hidden Gems of the Sacred Valley,https://www.perugrandtravel.com/blog/hidden-gems-of-the-sacred-valley/,hidden-gems-of-the-sacred-valley,1,46,14.80
blog,The 15 Best Things to Do in the Sacred Valley,https://www.perugrandtravel.com/blog/things-to-do-in-the-sacred-valley/,things-to-do-in-the-sacred-valley,1,251,62.23
blog,Cusco vs Sacred Valley: The Best Place to Acclimate in Peru,https://www.perugrandtravel.com/blog/cusco-vs-sacred-valley-altitude/,cusco-vs-sacred-valley-altitude,1,431,28.59
blog,Inca Trail vs Sacred Valley Treks: Which Peru Hike Is Right for You?,https://www.perugrandtravel.com/blog/inca-trail-vs-sacred-valley-treks/,inca-trail-vs-sacred-valley-treks,1,42,26.57
blog,Humantay Lake Hike: Everything You Need to Know About This Epic Day Hike for 2026,https://www.perugrandtravel.com/blog/humantay-lake-hike-2026/,humantay-lake-hike-2026,1,18,34.50
blog,The most beautiful treks to Machu Picchu,https://www.perugrandtravel.com/blog/treks-to-machu-picchu/,treks-to-machu-picchu,0,845,73.16
blog,Inca Trail vs. Salkantay: Which is the more spectacular trekking route?,https://www.perugrandtravel.com/blog/inca-trail-vs-salkantay/,inca-trail-vs-salkantay,0,248,77.45
blog,Salkantay Mountain: Embark on an adventure in the Nevado de los Andes,https://www.perugrandtravel.com/blog/salkantay-mountain/,salkantay-mountain,0,445,35.92
blog,When is the best time to do the Salkantay Trek?,https://www.perugrandtravel.com/blog/when-is-the-best-time-to-do-the-salkantay-trek/,when-is-the-best-time-to-do-the-salkantay-trek,0,"1,022",24.00
blog,Luxury Travel Peru: Why the Best Luxury Holidays Peru Are All About The Experience,https://www.perugrandtravel.com/blog/luxury-travel-peru/,luxury-travel-peru,0,578,50.82
blog,Family Trip to Peru: Discover the Best Tourist Places,https://www.perugrandtravel.com/blog/family-trip-to-peru/,family-trip-to-peru,0,434,67.64
blog,Climate in Peru: Discover the Best Time to Travel,https://www.perugrandtravel.com/blog/climate-in-peru-best-time-to-travel/,climate-in-peru-best-time-to-travel,0,"6,674",49.39
blog,Top 7 tourist attractions in Cusco not to be missed,https://www.perugrandtravel.com/blog/cusco-tourist-attractions/,cusco-tourist-attractions,0,"1,365",64.26
blog,What is the best time to travel to Peru - Machu Picchu?,https://www.perugrandtravel.com/blog/what-is-the-best-time-to-travel-to-peru-machu-picchu/,what-is-the-best-time-to-travel-to-peru-machu-picchu,0,"10,711",80.86
blog,"Top 20 best things to do in Cusco, Peru",https://www.perugrandtravel.com/blog/things-to-do-in-cusco/,things-to-do-in-cusco,0,186,54.56
blog,10 tips for traveling to Peru and enjoying the perfect trip,https://www.perugrandtravel.com/blog/tips-for-traveling-to-peru/,tips-for-traveling-to-peru,0,509,69.45
blog,7 Interesting Facts About Machu Picchu You Probably Didn't Know,https://www.perugrandtravel.com/blog/interesting-facts-about-machu-picchu/,interesting-facts-about-machu-picchu,0,"1,127",30.26
blog,The best beaches in Lima: Summer 2024,https://www.perugrandtravel.com/blog/beaches-in-lima/,beaches-in-lima,0,"3,345",42.18
blog,Adventure in Ica: Buggy & Nazca Lines,https://www.perugrandtravel.com/blog/adventure-in-ica/,adventure-in-ica,,,
blog,Peru honeymoon: discover 5 routes to enjoy in a couple,https://www.perugrandtravel.com/blog/peru-honeymoon/,peru-honeymoon,0,"1,589",40.73
blog,Tourist Attractions in Cusco You Shouldn't Miss,https://www.perugrandtravel.com/blog/cusco-tourist-places/,cusco-tourist-places,0,"1,670",52.64
blog,Travel Guide to Laguna Humantay: Discover a natural treasure in the peruvian andes,https://www.perugrandtravel.com/blog/travel-guide-laguna-humantay/,travel-guide-laguna-humantay,0,406,23.29
blog,Discover the natural wonders: Humantay Lagoon vs Rainbow Mountain,https://www.perugrandtravel.com/blog/humantay-lagoon-rainbow-mountain/,humantay-lagoon-rainbow-mountain,0,296,27.67
blog,Nazca Lines Tours: Discover the Mysteries and Wonders,https://www.perugrandtravel.com/blog/nazca-lines-tours/,nazca-lines-tours,0,784,46.27
blog,Discover Peruvian Pisco from Ica: The Spirit of an Ancestral Tradition,https://www.perugrandtravel.com/blog/peruvian-pisco-from-ica/,peruvian-pisco-from-ica,,,
blog,"Family Tourism in Nazca, Paracas, and Ica: An Unforgettable Journey for All Ages",https://www.perugrandtravel.com/blog/family-tourism-in-nazca-paracas-ica/,family-tourism-in-nazca-paracas-ica,0,307,13.64
blog,Family Packages to Cusco: The Perfect Adventure for Everyone,https://www.perugrandtravel.com/blog/family-packages-to-cusco/,family-packages-to-cusco,0,211,26.82
blog,Hidden Places in Cusco: Discover the secret spots of the inca capital,https://www.perugrandtravel.com/blog/hidden-places-in-cusco/,hidden-places-in-cusco,,,
blog,BTC - Cusco Tourist Ticket: Everything You Need to Know,https://www.perugrandtravel.com/blog/cusco-tourist-ticket/,cusco-tourist-ticket,0,189,25.82
blog,Discover The best day tours in Cusco,https://www.perugrandtravel.com/blog/day-tours-in-cusco/,day-tours-in-cusco,0,962,59.61
blog,Declaration of Cultural Heritage of the Nation for the Pilgrimage to the Sanctuary of the Lord of Pampacucho,https://www.perugrandtravel.com/blog/sanctuary-of-the-lord-of-pampacucho/,sanctuary-of-the-lord-of-pampacucho,0,950,14.53
blog,2 Weeks in Peru: The Classic Itinerary for a Complete Experience,https://www.perugrandtravel.com/blog/2-weeks-in-peru/,2-weeks-in-peru,0,"4,233",61.12
blog,Museums in Cusco: The Complete Guide to Culture &amp; History  | 2026,https://www.perugrandtravel.com/blog/museums-in-cusco/,museums-in-cusco,0,"1,811",22.37
blog,What to See in Peru in 7 Days: The perfect itinerary for your short vacation,https://www.perugrandtravel.com/blog/7-days-in-peru/,7-days-in-peru,0,978,66.23
blog,Find out how to have the best 4 days in Cusco,https://www.perugrandtravel.com/blog/find-out-how-to-have-the-best-4-days-in-cusco/,find-out-how-to-have-the-best-4-days-in-cusco,0,324,16.70
blog,"Lima, Cusco, and Machu Picchu: Tour packages for a complete experience",https://www.perugrandtravel.com/blog/lima-cusco-and-machu-picchu/,lima-cusco-and-machu-picchu,0,805,71.21
blog,Live the Adventure at Machu Picchu and Humantay Lake on a 6-Day Unforgettable Discovery,https://www.perugrandtravel.com/blog/adventure-at-machu-picchu-humantay-lake-on-a-6-day/,adventure-at-machu-picchu-humantay-lake-on-a-6-day,0,149,37.87
blog,Traveling with Family: Tour Packages for Enjoying Peru and Machu Picchu with Kids,https://www.perugrandtravel.com/blog/tourist-packages-to-enjoy-with-children-for-a-trip-to-peru-machu-picchu/,tourist-packages-to-enjoy-with-children-for-a-trip-to-peru-machu-picchu,0,"1,246",65.28
blog,What to Visit on the Inca Adventure Route: An 8-day journey through the andean highlands,https://www.perugrandtravel.com/blog/what-to-visit-on-the-inca-adventure-route-in-8-days/,what-to-visit-on-the-inca-adventure-route-in-8-days,0,213,18.09
blog,Traveling to Machu Picchu with Tour Packages: Unique routes and experiences,https://www.perugrandtravel.com/blog/traveling-to-machu-picchu-with-tour-packages/,traveling-to-machu-picchu-with-tour-packages,,,
blog,What to visit in Peru one week itinerary,https://www.perugrandtravel.com/blog/visits-to-peru-one-week-itinerary/,visits-to-peru-one-week-itinerary,0,"4,637",59.93
blog,Vacation to Machu Picchu: Discover the Best Here!,https://www.perugrandtravel.com/blog/vacation-to-machu-picchu/,vacation-to-machu-picchu,0,192,52.34
blog,Where is Machu Picchu? Quick Guide to Its Location,https://www.perugrandtravel.com/blog/where-is-machu-picchu-guide/,where-is-machu-picchu-guide,0,"3,122",50.76
blog,Luxury Peru Vacations: Top 3 Destinations to See,https://www.perugrandtravel.com/blog/luxury-peru-vacations/,luxury-peru-vacations,0,"3,811",58.40
blog,Places to visit in Cusco for your next trip,https://www.perugrandtravel.com/blog/places-to-visit-in-cusco/,places-to-visit-in-cusco,0,549,25.61
blog,"Weather in Cusco: When to Visit, Temperatures, and Travel Tips",https://www.perugrandtravel.com/blog/weather-in-cusco/,weather-in-cusco,0,623,20.00
blog,How to Plan a Trip to Machu Picchu?,https://www.perugrandtravel.com/blog/plan-a-trip-to-machu-picchu/,plan-a-trip-to-machu-picchu,0,733,20.56
blog,Where to Buy Peruvian Pisco: A Local Guide,https://www.perugrandtravel.com/blog/where-to-buy-peruvian-pisco-2027/,where-to-buy-peruvian-pisco-2027,,,
blog,7 Mystical Secrets of the Church of Saint Anthony of Padua: A Puno Masterpiece,https://www.perugrandtravel.com/blog/church-of-saint-anthony-of-padua/,church-of-saint-anthony-of-padua,0,309,8.19
blog,San Juan de Letrán Church in Puno: Local Faith and Cultural Identity,https://www.perugrandtravel.com/blog/san-juan-de-letran-church/,san-juan-de-letran-church,0,"1,239",7.27
blog,7 Extraordinary Reasons to Celebrate Craftsman's Day in Peru: A Masterclass in Living Heritage,https://www.perugrandtravel.com/blog/craftsmans-day/,craftsmans-day,0,371,11.15
blog,Luxury Hotels in Peru: Where Elevated Travel Transforms the Way You Experience the Country,https://www.perugrandtravel.com/blog/luxury-hotels-in-peru/,luxury-hotels-in-peru,0,984,28.56
blog,Adventure Trip for Moms in Peru: A Step-by-Step Guide to Living a Meaningful Experience Together,https://www.perugrandtravel.com/blog/adventure-trip-for-moms/,adventure-trip-for-moms,,,
blog,Is There Snow in Peru? Does It Snow at Machu Picchu? All You Need to Know For Snow in the Andes in 2027,https://www.perugrandtravel.com/blog/is-there-snow-in-peru/,is-there-snow-in-peru,,,
blog,Lake Humantay Tour 2026: The Ultimate Guide to Cusco’s Turquoise Jewel,https://www.perugrandtravel.com/blog/lake-humantay/,lake-humantay,0,232,9.50
blog,7 Royal Secrets about Peru Lima Packages that will Transform Your Trip in 2026,https://www.perugrandtravel.com/blog/peru-lima-packages/,peru-lima-packages,,,
blog,Discover the Ayacucho Museum in Peru: A Cultural Journey Through History and Identity,https://www.perugrandtravel.com/blog/ayacucho-museum/,ayacucho-museum,,,
blog,Why Travel to Peru in 2026? 7 Irresistible Reasons,https://www.perugrandtravel.com/blog/why-travel-to-peru/,why-travel-to-peru,0,336,8.24
blog,Huayna Picchu vs. Machu Picchu Mountain: which one to choose and why it changes the way you see Machu Picchu,https://www.perugrandtravel.com/blog/huayna-picchu-vs-machu-picchu-mountain/,huayna-picchu-vs-machu-picchu-mountain,0,173,21.76
blog,Maras and Moray 2026: The 7 Secrets of the White Salt and the Green Inca Circles,https://www.perugrandtravel.com/blog/maras-and-moray/,maras-and-moray,,,
blog,"Ausangate Snow: A Real Guide to Understanding, Trekking, and Experiencing Peru’s Most Sacred Mountain",https://www.perugrandtravel.com/blog/ausangate-snow/,ausangate-snow,,,
blog,7 Mistakes to Avoid on a Trip to Machu Picchu: How to Ensure a Perfect Journey,https://www.perugrandtravel.com/blog/mistakes-to-avoid-on-a-trip-to-machu-picchu/,mistakes-to-avoid-on-a-trip-to-machu-picchu,,,
blog,Hotel in Downtown Cusco: How to Choose the Right Stay in the Historic Heart of the Andes,https://www.perugrandtravel.com/blog/hotel-in-downtown-cusco/,hotel-in-downtown-cusco,0,161,19.96
blog,7 Travel Planning Tips for Machu Picchu 2026: The Ultimate Guide for a Flawless Adventure,https://www.perugrandtravel.com/blog/travel-planning-tips-for-machu-picchu/,travel-planning-tips-for-machu-picchu,0,160,11.62
blog,7 Powerful Benefits of Llama Therapy: The Mystical Healing You Can Only Find in the Andes,https://www.perugrandtravel.com/blog/llama-therapy-in-peru/,llama-therapy-in-peru,0,264,12.03
blog,What is the best Machu Picchu itinerary?,https://www.perugrandtravel.com/blog/machu-picchu-itinerary/,machu-picchu-itinerary,,,
blog,Food in Cusco: The Sophisticated Guide to the 15 Flavors of the Inca Empire,https://www.perugrandtravel.com/blog/food-in-cusco/,food-in-cusco,0,237,19.90
blog,Discover Unique Local Experiences in the Sacred Valley,https://www.perugrandtravel.com/blog/local-experiences-in-the-sacred-valley/,local-experiences-in-the-sacred-valley,,,
blog,Peru in June 2026: 7 Secrets for the Ultimate Winter Escape,https://www.perugrandtravel.com/blog/peru-in-june/,peru-in-june,0,350,10.53
blog,ATV Tours Peru 2026: The Ultimate Guide to Off-Roading the Andes and the Pacific Coast,https://www.perugrandtravel.com/blog/atv-tours-peru/,atv-tours-peru,0,266,10.80
blog,Is Peru Safe? 10 Essential Truths for an Unforgettable and Secure 2026 Journey,https://www.perugrandtravel.com/blog/is-peru-safe/,is-peru-safe,,,
blog,"7 Mystical Experiences on the Day of the Pachamama: Rituals, Magic, and Connection in the Peruvian Andes",https://www.perugrandtravel.com/blog/day-of-the-pachamama/,day-of-the-pachamama,,,
blog,7 Soulful Secrets Behind the Sacred Art of the Chinchero Communities,https://www.perugrandtravel.com/blog/art-of-the-chinchero-communities/,art-of-the-chinchero-communities,,,
blog,7 Fascinating Secrets of Alpaca Wool Processing in the High Andes,https://www.perugrandtravel.com/blog/alpaca-wool-processing/,alpaca-wool-processing,,,
blog,5 Secrets of the Q'eswachaka Bridge: Crossing the Last Inca Bridge,https://www.perugrandtravel.com/blog/qeswachaka-bridge/,qeswachaka-bridge,,,
blog,7 Forgotten Wonders of the Inca Quarries of Cachiccata: The Ultimate Luxury Trekking Guide,https://www.perugrandtravel.com/blog/inca-quarries-of-cachiccata/,inca-quarries-of-cachiccata,,,
blog,Why Visit The Peruvian Amazon?,https://www.perugrandtravel.com/blog/peruvian-amazon/,peruvian-amazon,,,
blog,Cusco Hidden Gems to Visit in 2026,https://www.perugrandtravel.com/blog/cusco-hidden-gems-2026/,cusco-hidden-gems-2026,,,
blog,Our Ultimate Cusco Travel Guide,https://www.perugrandtravel.com/blog/the-ultimate-guide-to-cusco/,the-ultimate-guide-to-cusco,,,
blog,7 Secrets of Corpus Christi in Cusco: The Ultimate Andean Celebration,https://www.perugrandtravel.com/blog/corpus-christi/,corpus-christi,,,
blog,The Best Day Hikes from Cusco,https://www.perugrandtravel.com/blog/the-best-day-hikes-from-cusco/,the-best-day-hikes-from-cusco,,,
blog,Our Ultimate Guide to The Magical Sacred Valley Peru!,https://www.perugrandtravel.com/blog/guide-to-the-sacred-valley-peru/,guide-to-the-sacred-valley-peru,,,
blog,Our Ultimate Guide To The Best Restaurants In Sacred Valley,https://www.perugrandtravel.com/blog/the-best-restaurants-in-sacred-valley/,the-best-restaurants-in-sacred-valley,,,
blog,Vinicunca Rainbow Mountain – What to Expect and Awesome Top Tips,https://www.perugrandtravel.com/blog/vinicunca-rainbow-mountain/,vinicunca-rainbow-mountain,,,
blog,Palcoyo Rainbow Mountain: Our Ultimate Guide For 2026,https://www.perugrandtravel.com/blog/palcoyo-rainbow-mountain/,palcoyo-rainbow-mountain,,,
blog,Peru Travel Agency: How to Choose an Awesome  Agency For Your Trip,https://www.perugrandtravel.com/blog/choosing-a-peru-travel-agency/,choosing-a-peru-travel-agency,,,
blog,Our Best Peru Travel Packages for 2026 and Beyond!,https://www.perugrandtravel.com/blog/peru-travel-packages-for-2026/,peru-travel-packages-for-2026,,,
blog,Mega Machu Picchu Travel Packages for 2026 and Beyond,https://www.perugrandtravel.com/blog/machu-picchu-travel-packages/,machu-picchu-travel-packages,,,
