tipo,prioridad,titulo,url,keyword,clics,impresiones,posicion,accion_esta_semana
blog,P0-blog-top10-CTR,Things to Do in Machu Picchu 2026: All The Experiences You Should Know About,https://www.perugrandtravel.com/blog/things-to-do-in-machu-picchu/,Things to Do in Machu Picchu,1,"6,115",5.78,HOY/MAÑANA: auditar title/meta + enlaces a tours + WA
blog,P0-blog-top10-CTR,Museums in Machu Picchu: A Guide to the Hidden History of the Inca Citadel 2026,https://www.perugrandtravel.com/blog/museums-in-machu-picchu/,Museums in Machu Picchu,1,"2,494",6.28,HOY/MAÑANA: auditar title/meta + enlaces a tours + WA
blog,P0-blog-top10-CTR,San Juan de Letrán Church in Puno: Local Faith and Cultural Identity,https://www.perugrandtravel.com/blog/san-juan-de-letran-church/,San Juan de Letrán Church,0,"1,239",7.27,HOY/MAÑANA: auditar title/meta + enlaces a tours + WA
blog,P0-blog-top10-CTR,Discover Ceviche and Peru in 10 Days: ¡Savor the Journey of a Lifetime!,https://www.perugrandtravel.com/blog/ceviche-peru-in-10-days/,Ceviche Peru,1,985,8.00,HOY/MAÑANA: auditar title/meta + enlaces a tours + WA
blog,P0-blog-top10-CTR,"Valentine’s Day Travel Ideas: Romantic Getaways, Experiences, and Easy Itineraries",https://www.perugrandtravel.com/blog/valentines-day-travel-ideas/,Valentine’s Day Travel Ideas,1,877,9.72,HOY/MAÑANA: auditar title/meta + enlaces a tours + WA
blog,P0-blog-top10-CTR,The Temple of The Merced in Puno: Discover the Colonial Jewel of the Altiplano,https://www.perugrandtravel.com/blog/temple-of-the-merced-in-puno/,Temple of The Merced in Puno,1,513,8.51,HOY/MAÑANA: auditar title/meta + enlaces a tours + WA
tour,P1-tour-quickwin,Salkantay SKY Trek 5 days,https://www.perugrandtravel.com/tour/the-classic-salkantay-trek-5d/,salkantay trek 5 days,1,"1,218",26.79,Auditar title/meta/WA/schema
tour,P1-tour-quickwin,Cusco Planetarium Experience,https://www.perugrandtravel.com/tour/cusco-planetarium/,Cusco Planetarium,1,784,20.62,Auditar title/meta/WA/schema
tour,P1-tour-quickwin,Spectacular Cusco 7 days,https://www.perugrandtravel.com/tour/spectacular-cusco-7-days/,cusco tour,1,556,24.91,Auditar title/meta/WA/schema
tour,P1-tour-quickwin,Machu Picchu Express 3D/2N,https://www.perugrandtravel.com/tour/machu-picchu-express-3d/,machu picchu 3 days,1,528,29.78,Auditar title/meta/WA/schema
tour,P1-tour-volumen,Salkantay SKY Trek 4 days,https://www.perugrandtravel.com/tour/salkantay-trek-4-days/,Salkantay Trek 4 days,1,"3,259",51.46,Auditar title/meta/WA/schema
tour,P1-tour-volumen,"Tour of Maras, Moray & Salineras from Cusco",https://www.perugrandtravel.com/tour/maras-moray-and-the-salineras-full-day/,maras salt mines tour,1,"2,816",46.89,Auditar title/meta/WA/schema
tour,P1-tour-volumen,Inca Bridge of Q'eswachaka Full Day,https://www.perugrandtravel.com/tour/qeswachaka-bridge-full-day/,q'eswachaka rope bridge tour,1,"1,611",30.18,Auditar title/meta/WA/schema
tour,P1-tour-volumen,Sacred Valley + Short Inca Trail 3 days,https://www.perugrandtravel.com/tour/sacred-valley-short-inca-trail-3d/,inca trail 3 days,1,"1,603",58.84,Auditar title/meta/WA/schema
tour,P1-tour-volumen,Incredible Machu Picchu 2D/1N,https://www.perugrandtravel.com/tour/incredible-machu-picchu-2d/,machu picchu tour from cusco 2 days,1,"1,329",45.54,Auditar title/meta/WA/schema
tour,P1-tour-volumen,Corpus Christi in Cusco 4 days,https://www.perugrandtravel.com/tour/cusco-corpus-christi/,Corpus Christi in Cusco,1,"1,211",33.92,Auditar title/meta/WA/schema
tour,P1-tour-volumen,Machu Picchu Moderate 4D/3N,https://www.perugrandtravel.com/tour/machu-picchu-moderate-4d/,Sacred Valley and Machu Picchu Tour,1,"1,209",38.05,Auditar title/meta/WA/schema
tour,P1-tour-volumen,Humantay Lake Hike (Full Day),https://www.perugrandtravel.com/tour/humantay-lake-full-day/,humantay lake hike,1,"1,107",67.81,Auditar title/meta/WA/schema
blog,P1-blog-quickwin,Museums in Cusco: The Complete Guide to Culture &amp; History  | 2026,https://www.perugrandtravel.com/blog/museums-in-cusco/,Museums in Cusco,0,"1,811",22.37,Auditar snippet; candidato a mejorar CTR
blog,P1-blog-volumen-0clk,What is the best time to travel to Peru - Machu Picchu?,https://www.perugrandtravel.com/blog/what-is-the-best-time-to-travel-to-peru-machu-picchu/,best time to travel to peru,0,"10,711",80.86,Revisar intención; no reescribir entero aún; mapa 301
blog,P1-blog-volumen-0clk,Climate in Peru: Discover the Best Time to Travel,https://www.perugrandtravel.com/blog/climate-in-peru-best-time-to-travel/,climate in Peru,0,"6,674",49.39,Revisar intención; no reescribir entero aún; mapa 301
blog,P1-blog-volumen-0clk,What to visit in Peru one week itinerary,https://www.perugrandtravel.com/blog/visits-to-peru-one-week-itinerary/,peru one week itinerary,0,"4,637",59.93,Revisar intención; no reescribir entero aún; mapa 301
blog,P1-blog-volumen-0clk,2 Weeks in Peru: The Classic Itinerary for a Complete Experience,https://www.perugrandtravel.com/blog/2-weeks-in-peru/,2 weeks in Peru,0,"4,233",61.12,Revisar intención; no reescribir entero aún; mapa 301
blog,P1-blog-volumen-0clk,Luxury Peru Vacations: Top 3 Destinations to See,https://www.perugrandtravel.com/blog/luxury-peru-vacations/,luxury peru vacations,0,"3,811",58.40,Revisar intención; no reescribir entero aún; mapa 301
blog,P1-blog-volumen-0clk,The best beaches in Lima: Summer 2024,https://www.perugrandtravel.com/blog/beaches-in-lima/,beaches,0,"3,345",42.18,Revisar intención; no reescribir entero aún; mapa 301
blog,P1-blog-volumen-0clk,Where is Machu Picchu? Quick Guide to Its Location,https://www.perugrandtravel.com/blog/where-is-machu-picchu-guide/,where is machu picchu,0,"3,122",50.76,Revisar intención; no reescribir entero aún; mapa 301
blog,P2,Is it Safe to Go to Peru?: Complete Guide for a Peaceful Trip,https://www.perugrandtravel.com/blog/is-it-safe-to-go-to-peru/,is it safe to go to peru,1,"9,102",40.56,Incluir en mapa URLs (canónica limpia vs categoría)
blog,P2,Huayna Picchu: The Magical Mountain of the Incas,https://www.perugrandtravel.com/blog/huayna-picchu/,huayna picchu,1,"2,854",49.43,Incluir en mapa URLs (canónica limpia vs categoría)
blog,P2,"Luxury Hotels in Cusco, Peru: Where Elevated Travel Meets Andean Legacy",https://www.perugrandtravel.com/blog/luxury-hotels-in-cusco/,Luxury Hotels in Cusco,1,"2,705",27.67,Incluir en mapa URLs (canónica limpia vs categoría)
blog,P2,Discover the Top 3 Hikes in Cusco: Mountain trekking adventures,https://www.perugrandtravel.com/blog/the-top-3-hikes-in-cusco/,Hikes in Cusco,1,"2,254",45.08,Incluir en mapa URLs (canónica limpia vs categoría)
blog,P2,Tourist Attractions in Cusco You Shouldn't Miss,https://www.perugrandtravel.com/blog/cusco-tourist-places/,Cusco,0,"1,670",52.64,Incluir en mapa URLs (canónica limpia vs categoría)
blog,P2,Peru honeymoon: discover 5 routes to enjoy in a couple,https://www.perugrandtravel.com/blog/peru-honeymoon/,peru honeymoon,0,"1,589",40.73,Incluir en mapa URLs (canónica limpia vs categoría)
blog,P2,Top 7 tourist attractions in Cusco not to be missed,https://www.perugrandtravel.com/blog/cusco-tourist-attractions/,attractions,0,"1,365",64.26,Incluir en mapa URLs (canónica limpia vs categoría)
blog,P2,Traveling with Family: Tour Packages for Enjoying Peru and Machu Picchu with Kids,https://www.perugrandtravel.com/blog/tourist-packages-to-enjoy-with-children-for-a-trip-to-peru-machu-picchu/,trip to peru machu picchu,0,"1,246",65.28,Incluir en mapa URLs (canónica limpia vs categoría)
blog,P2,Best Things to Do in Cusco: Explore the Charm of the Inca Capital,https://www.perugrandtravel.com/blog/best-things-to-do-in-cusco/,best things to do in cusco,1,"1,205",68.88,Incluir en mapa URLs (canónica limpia vs categoría)
blog,P2,7 Traditional Dances of Peru You Need to Experience in 2026: A Cultural Privilege,https://www.perugrandtravel.com/blog/traditional-dances-of-peru/,Traditional Dances of Peru,1,"1,137",18.56,Incluir en mapa URLs (canónica limpia vs categoría)
blog,P2,7 Interesting Facts About Machu Picchu You Probably Didn't Know,https://www.perugrandtravel.com/blog/interesting-facts-about-machu-picchu/,Facts About Machu Picchu,0,"1,127",30.26,Incluir en mapa URLs (canónica limpia vs categoría)
blog,P2,When is the best time to do the Salkantay Trek?,https://www.perugrandtravel.com/blog/when-is-the-best-time-to-do-the-salkantay-trek/,Salkantay Trek,0,"1,022",24.00,Incluir en mapa URLs (canónica limpia vs categoría)
blog,P2,Luxury Hotels in Peru: Where Elevated Travel Transforms the Way You Experience the Country,https://www.perugrandtravel.com/blog/luxury-hotels-in-peru/,Luxury Hotels in Peru,0,984,28.56,Incluir en mapa URLs (canónica limpia vs categoría)
blog,P2,What to See in Peru in 7 Days: The perfect itinerary for your short vacation,https://www.perugrandtravel.com/blog/7-days-in-peru/,7 days In peru,0,978,66.23,Incluir en mapa URLs (canónica limpia vs categoría)
blog,P2,Discover The best day tours in Cusco,https://www.perugrandtravel.com/blog/day-tours-in-cusco/,day tours in Cusco,0,962,59.61,Incluir en mapa URLs (canónica limpia vs categoría)
blog,P2,Declaration of Cultural Heritage of the Nation for the Pilgrimage to the Sanctuary of the Lord of Pampacucho,https://www.perugrandtravel.com/blog/sanctuary-of-the-lord-of-pampacucho/,Lord of Pampacucho,0,950,14.53,Incluir en mapa URLs (canónica limpia vs categoría)
blog,P2,The most beautiful treks to Machu Picchu,https://www.perugrandtravel.com/blog/treks-to-machu-picchu/,treks to Machu Picchu,0,845,73.16,Incluir en mapa URLs (canónica limpia vs categoría)
blog,P2,"The Best Time of Year to Visit Peru: A Strategic Guide to Seasons, Culture, and Experience",https://www.perugrandtravel.com/blog/the-best-time-of-year-to-visit-peru/,The Best Time of Year to Visit Peru,1,828,23.32,Incluir en mapa URLs (canónica limpia vs categoría)
blog,P2,"Lima, Cusco, and Machu Picchu: Tour packages for a complete experience",https://www.perugrandtravel.com/blog/lima-cusco-and-machu-picchu/,Lima Cusco and Machu Picchu,0,805,71.21,Incluir en mapa URLs (canónica limpia vs categoría)
blog,P2,Nazca Lines Tours: Discover the Mysteries and Wonders,https://www.perugrandtravel.com/blog/nazca-lines-tours/,nazca lines tours,0,784,46.27,Incluir en mapa URLs (canónica limpia vs categoría)
blog,P2,10 Amazing Places to Visit in Peru: A Perfect 15-Day Itinerary,https://www.perugrandtravel.com/blog/10-amazing-places-to-visit-in-peru/,Inca Route,1,766,57.86,Incluir en mapa URLs (canónica limpia vs categoría)
blog,P2,Peru Tours: The Ultimate Guide with 15 Luxury Experiences to Transform Your Journey in 2026,https://www.perugrandtravel.com/blog/peru-tours/,Peru Tours,1,738,58.25,Incluir en mapa URLs (canónica limpia vs categoría)
tour,P2,Grand Deluxe Cusco & Machu Picchu by Casa Andina hotels 5 days,https://www.perugrandtravel.com/tour/grand-deluxe-cusco-machu-picchu-by-casa-andina-hotels-5-days/,Casa Andina hotels,1,735,37.6,Mapa 301 / alias; no optimizar aún
blog,P2,How to Plan a Trip to Machu Picchu?,https://www.perugrandtravel.com/blog/plan-a-trip-to-machu-picchu/,Plan a Trip to Machu Picchu,0,733,20.56,Incluir en mapa URLs (canónica limpia vs categoría)
blog,P2,"Weather in Cusco: When to Visit, Temperatures, and Travel Tips",https://www.perugrandtravel.com/blog/weather-in-cusco/,weather in Cusco,0,623,20.00,Incluir en mapa URLs (canónica limpia vs categoría)
blog,P2,10 Magical Family Packages to Lima: The Ultimate Guide to Peru’s Coastal Gem,https://www.perugrandtravel.com/blog/family-packages-to-lima/,Family Packages to Lima,1,605,10.91,Incluir en mapa URLs (canónica limpia vs categoría)
tour,P2,Machu Picchu Challenge 8D/7N,https://www.perugrandtravel.com/tour/machu-picchu-challenge-8d/,machu picchu and rainbow mountain tour,1,589,10.13,Mapa 301 / alias; no optimizar aún
blog,P2,Luxury Travel Peru: Why the Best Luxury Holidays Peru Are All About The Experience,https://www.perugrandtravel.com/blog/luxury-travel-peru/,Luxury travel Peru,0,578,50.82,Incluir en mapa URLs (canónica limpia vs categoría)
blog,P2,Places to visit in Cusco for your next trip,https://www.perugrandtravel.com/blog/places-to-visit-in-cusco/,Places to visit in Cusco,0,549,25.61,Incluir en mapa URLs (canónica limpia vs categoría)
blog,P2,Andean Art: 7 Dazzling Secrets of Peru's Cultural Soul,https://www.perugrandtravel.com/blog/andean-art/,Andean Art,1,515,13.16,Incluir en mapa URLs (canónica limpia vs categoría)
blog,P2,10 tips for traveling to Peru and enjoying the perfect trip,https://www.perugrandtravel.com/blog/tips-for-traveling-to-peru/,tips for traveling to Peru,0,509,69.45,Incluir en mapa URLs (canónica limpia vs categoría)
blog,P2,Salkantay Mountain: Embark on an adventure in the Nevado de los Andes,https://www.perugrandtravel.com/blog/salkantay-mountain/,salkantay mountain,0,445,35.92,Incluir en mapa URLs (canónica limpia vs categoría)
blog,P2,Family Trip to Peru: Discover the Best Tourist Places,https://www.perugrandtravel.com/blog/family-trip-to-peru/,trip to Peru,0,434,67.64,Incluir en mapa URLs (canónica limpia vs categoría)
blog,P2,Cusco vs Sacred Valley: The Best Place to Acclimate in Peru,https://www.perugrandtravel.com/blog/cusco-vs-sacred-valley-altitude/,Cusco vs Sacred Valley,1,431,28.59,Incluir en mapa URLs (canónica limpia vs categoría)
blog,P2,Travel Guide to Laguna Humantay: Discover a natural treasure in the peruvian andes,https://www.perugrandtravel.com/blog/travel-guide-laguna-humantay/,travel guide to humantay lagoon,0,406,23.29,Incluir en mapa URLs (canónica limpia vs categoría)
tour,P2,Tour South Valley,https://www.perugrandtravel.com/tour/tour-south-valley-cusco/,South Valley in cusco,1,374,50.01,Mapa 301 / alias; no optimizar aún
blog,P2,7 Extraordinary Reasons to Celebrate Craftsman's Day in Peru: A Masterclass in Living Heritage,https://www.perugrandtravel.com/blog/craftsmans-day/,Craftsman's Day,0,371,11.15,Incluir en mapa URLs (canónica limpia vs categoría)
blog,P2,Peru in June 2026: 7 Secrets for the Ultimate Winter Escape,https://www.perugrandtravel.com/blog/peru-in-june/,Peru in June,0,350,10.53,Incluir en mapa URLs (canónica limpia vs categoría)
blog,P2,Why Travel to Peru in 2026? 7 Irresistible Reasons,https://www.perugrandtravel.com/blog/why-travel-to-peru/,Why Travel to Peru,0,336,8.24,Incluir en mapa URLs (canónica limpia vs categoría)
blog,P2,Find out how to have the best 4 days in Cusco,https://www.perugrandtravel.com/blog/find-out-how-to-have-the-best-4-days-in-cusco/,4 days in Cusco,0,324,16.70,Incluir en mapa URLs (canónica limpia vs categoría)
tour,P2,"Wonder of Peru Coast, Andes and Rainforest 13D/12N",https://www.perugrandtravel.com/tour/wonder-of-peru-coast-andes-and-rainforest-13d/,peru itinerary 13 days,1,316,34.67,Mapa 301 / alias; no optimizar aún
blog,P2,Peru in May 2026: 7 Secrets of the Andes' Golden Month,https://www.perugrandtravel.com/blog/peru-in-may/,Peru in May,1,313,11.21,Incluir en mapa URLs (canónica limpia vs categoría)
blog,P2,7 Mystical Secrets of the Church of Saint Anthony of Padua: A Puno Masterpiece,https://www.perugrandtravel.com/blog/church-of-saint-anthony-of-padua/,Church of Saint Anthony of Padua,0,309,8.19,Incluir en mapa URLs (canónica limpia vs categoría)
blog,P2,"Family Tourism in Nazca, Paracas, and Ica: An Unforgettable Journey for All Ages",https://www.perugrandtravel.com/blog/family-tourism-in-nazca-paracas-ica/,ica,0,307,13.64,Incluir en mapa URLs (canónica limpia vs categoría)
blog,P2,Discover the natural wonders: Humantay Lagoon vs Rainbow Mountain,https://www.perugrandtravel.com/blog/humantay-lagoon-rainbow-mountain/,Humantay Lagoon vs Rainbow Mountain,0,296,27.67,Incluir en mapa URLs (canónica limpia vs categoría)
tour,P2,Choquequirao Trek 5 days,https://www.perugrandtravel.com/tour/choquequirao-trek-5d/,choquequirao trek,1,274,59.69,Mapa 301 / alias; no optimizar aún
blog,P2,ATV Tours Peru 2026: The Ultimate Guide to Off-Roading the Andes and the Pacific Coast,https://www.perugrandtravel.com/blog/atv-tours-peru/,ATV Tours Peru,0,266,10.80,Incluir en mapa URLs (canónica limpia vs categoría)
blog,P2,7 Powerful Benefits of Llama Therapy: The Mystical Healing You Can Only Find in the Andes,https://www.perugrandtravel.com/blog/llama-therapy-in-peru/,Llama Therapy,0,264,12.03,Incluir en mapa URLs (canónica limpia vs categoría)
blog,P2,Discover Peru’s Best Luxury Travel Experiences,https://www.perugrandtravel.com/blog/luxury-travel-experiences/,luxury travel experiences,1,263,47.83,Incluir en mapa URLs (canónica limpia vs categoría)
blog,P2,The 15 Best Things to Do in the Sacred Valley,https://www.perugrandtravel.com/blog/things-to-do-in-the-sacred-valley/,Best Things to Do In The Sacred Valley,1,251,62.23,Incluir en mapa URLs (canónica limpia vs categoría)
blog,P2,Inca Trail vs. Salkantay: Which is the more spectacular trekking route?,https://www.perugrandtravel.com/blog/inca-trail-vs-salkantay/,inca trail,0,248,77.45,Incluir en mapa URLs (canónica limpia vs categoría)
blog,P2,10 Fascinating Museums in Lima: The Sophisticated Traveler’s Cultural Oasis,https://www.perugrandtravel.com/blog/best-museums-in-lima/,Museums in Lima,1,238,30.56,Incluir en mapa URLs (canónica limpia vs categoría)
blog,P2,Food in Cusco: The Sophisticated Guide to the 15 Flavors of the Inca Empire,https://www.perugrandtravel.com/blog/food-in-cusco/,food in cusco,0,237,19.90,Incluir en mapa URLs (canónica limpia vs categoría)
blog,P2,Lake Humantay Tour 2026: The Ultimate Guide to Cusco’s Turquoise Jewel,https://www.perugrandtravel.com/blog/lake-humantay/,Lake Humantay,0,232,9.50,Incluir en mapa URLs (canónica limpia vs categoría)
blog,P2,"Trips Adventure for Holy Week in Peru 2026: Treks, Nature &amp; Spirit",https://www.perugrandtravel.com/blog/trips-adventure-for-holy-week/,Trips Adventure for Holy Week,1,217,7.00,Incluir en mapa URLs (canónica limpia vs categoría)
tour,P2,Grand Deluxe Cusco & Machu Picchu by Inkaterra Hotels 5 days,https://www.perugrandtravel.com/tour/grand-deluxe-cusco-machu-picchu-by-inkaterra-hotels-5-days/,Inkaterra Hotels,1,215,38.62,Mapa 301 / alias; no optimizar aún
blog,P2,What to Visit on the Inca Adventure Route: An 8-day journey through the andean highlands,https://www.perugrandtravel.com/blog/what-to-visit-on-the-inca-adventure-route-in-8-days/,Inca Adventure,0,213,18.09,Incluir en mapa URLs (canónica limpia vs categoría)
blog,P2,Family Packages to Cusco: The Perfect Adventure for Everyone,https://www.perugrandtravel.com/blog/family-packages-to-cusco/,family packages to cusco,0,211,26.82,Incluir en mapa URLs (canónica limpia vs categoría)
blog,P2,7 Magical Experiences for a Travel for Day Mom to Peru: The Ultimate Luxury Tribute,https://www.perugrandtravel.com/blog/travel-for-day-mom-to-peru/,Travel for Day Mom to Peru,1,208,13.40,Incluir en mapa URLs (canónica limpia vs categoría)
blog,P2,Vinicunca Elevation: 5 Secrets to Conquer the Rainbow Mountain Without Losing Your Breath,https://www.perugrandtravel.com/blog/vinicunca-elevation/,Vinicunca Elevation,1,198,15.24,Incluir en mapa URLs (canónica limpia vs categoría)
blog,P2,Vacation to Machu Picchu: Discover the Best Here!,https://www.perugrandtravel.com/blog/vacation-to-machu-picchu/,vacation to machu picchu,0,192,52.34,Incluir en mapa URLs (canónica limpia vs categoría)
blog,P2,BTC - Cusco Tourist Ticket: Everything You Need to Know,https://www.perugrandtravel.com/blog/cusco-tourist-ticket/,Cusco Tourist Ticket,0,189,25.82,Incluir en mapa URLs (canónica limpia vs categoría)
blog,P2,"Top 20 best things to do in Cusco, Peru",https://www.perugrandtravel.com/blog/things-to-do-in-cusco/,things to do in Cusco,0,186,54.56,Incluir en mapa URLs (canónica limpia vs categoría)
blog,P2,Huayna Picchu vs. Machu Picchu Mountain: which one to choose and why it changes the way you see Machu Picchu,https://www.perugrandtravel.com/blog/huayna-picchu-vs-machu-picchu-mountain/,Huayna Picchu vs. Machu Picchu Mountain,0,173,21.76,Incluir en mapa URLs (canónica limpia vs categoría)
blog,P2,Hotel in Downtown Cusco: How to Choose the Right Stay in the Historic Heart of the Andes,https://www.perugrandtravel.com/blog/hotel-in-downtown-cusco/,Hotel in Downtown Cusco,0,161,19.96,Incluir en mapa URLs (canónica limpia vs categoría)
blog,P2,7 Travel Planning Tips for Machu Picchu 2026: The Ultimate Guide for a Flawless Adventure,https://www.perugrandtravel.com/blog/travel-planning-tips-for-machu-picchu/,Travel Planning Tips for Machu Picchu,0,160,11.62,Incluir en mapa URLs (canónica limpia vs categoría)
blog,P2,ATV Tours in Cusco 2026: The Art of Combining Adrenaline and Sacred Landscapes,https://www.perugrandtravel.com/blog/atv-tours-in-cusco/,ATV Tours in Cusco,1,159,12.54,Incluir en mapa URLs (canónica limpia vs categoría)
blog,P2,10 Incredible Discoveries About Things to Do in Ollantaytambo: The Ultimate Guide to the Living Inca City,https://www.perugrandtravel.com/blog/things-to-do-in-ollantaytambo/,Things to Do in Ollantaytambo,1,157,27.15,Incluir en mapa URLs (canónica limpia vs categoría)
blog,P2,Live the Adventure at Machu Picchu and Humantay Lake on a 6-Day Unforgettable Discovery,https://www.perugrandtravel.com/blog/adventure-at-machu-picchu-humantay-lake-on-a-6-day/,Machu Picchu Humantay Lake,0,149,37.87,Incluir en mapa URLs (canónica limpia vs categoría)
blog,P2,"What to visit in Cusco in 2 Days: Quick, Complete Guide",https://www.perugrandtravel.com/blog/what-to-visit-in-cusco/,what to visit in Cusco,1,117,17.79,Incluir en mapa URLs (canónica limpia vs categoría)
blog,P2,Inca Trail Sold Out? 5 Epic Alternatives When Permits Are Gone,https://www.perugrandtravel.com/blog/inca-trail-sold-out/,Inca Trail Sold Out,1,81,15.77,Incluir en mapa URLs (canónica limpia vs categoría)
blog,P2,7 Breathtaking Secrets of the Terraces of Moray: The Incan Agricultural Masterpiece,https://www.perugrandtravel.com/blog/terraces-of-moray/,Terraces of Moray,1,64,27.86,Incluir en mapa URLs (canónica limpia vs categoría)
blog,P2,The Hidden Gems of the Sacred Valley,https://www.perugrandtravel.com/blog/hidden-gems-of-the-sacred-valley/,hidden gems of the Sacred Valley,1,46,14.80,Incluir en mapa URLs (canónica limpia vs categoría)
blog,P2,Inca Trail vs Sacred Valley Treks: Which Peru Hike Is Right for You?,https://www.perugrandtravel.com/blog/inca-trail-vs-sacred-valley-treks/,Inca Trail vs Sacred Valley Treks,1,42,26.57,Incluir en mapa URLs (canónica limpia vs categoría)
blog,P2,Humantay Lake Hike: Everything You Need to Know About This Epic Day Hike for 2026,https://www.perugrandtravel.com/blog/humantay-lake-hike-2026/,Humantay Lake hike,1,18,34.50,Incluir en mapa URLs (canónica limpia vs categoría)
blog,P2,Adventure in Ica: Buggy & Nazca Lines,https://www.perugrandtravel.com/blog/adventure-in-ica/,ica,,,,Incluir en mapa URLs (canónica limpia vs categoría)
blog,P2,Discover Peruvian Pisco from Ica: The Spirit of an Ancestral Tradition,https://www.perugrandtravel.com/blog/peruvian-pisco-from-ica/,peruvian pisco,,,,Incluir en mapa URLs (canónica limpia vs categoría)
blog,P2,Hidden Places in Cusco: Discover the secret spots of the inca capital,https://www.perugrandtravel.com/blog/hidden-places-in-cusco/,hidden places in cusco,,,,Incluir en mapa URLs (canónica limpia vs categoría)
blog,P2,Traveling to Machu Picchu with Tour Packages: Unique routes and experiences,https://www.perugrandtravel.com/blog/traveling-to-machu-picchu-with-tour-packages/,Traveling to Machu Picchu,,,,Incluir en mapa URLs (canónica limpia vs categoría)
blog,P2,Where to Buy Peruvian Pisco: A Local Guide,https://www.perugrandtravel.com/blog/where-to-buy-peruvian-pisco-2027/,Where to Buy Peruvian Pisco,,,,Incluir en mapa URLs (canónica limpia vs categoría)
blog,P2,Adventure Trip for Moms in Peru: A Step-by-Step Guide to Living a Meaningful Experience Together,https://www.perugrandtravel.com/blog/adventure-trip-for-moms/,Adventure Trip for Moms,,,,Incluir en mapa URLs (canónica limpia vs categoría)
blog,P2,Is There Snow in Peru? Does It Snow at Machu Picchu? All You Need to Know For Snow in the Andes in 2027,https://www.perugrandtravel.com/blog/is-there-snow-in-peru/,Is there snow in Peru,,,,Incluir en mapa URLs (canónica limpia vs categoría)
blog,P2,7 Royal Secrets about Peru Lima Packages that will Transform Your Trip in 2026,https://www.perugrandtravel.com/blog/peru-lima-packages/,Peru Lima Packages,,,,Incluir en mapa URLs (canónica limpia vs categoría)
blog,P2,Discover the Ayacucho Museum in Peru: A Cultural Journey Through History and Identity,https://www.perugrandtravel.com/blog/ayacucho-museum/,Ayacucho Museum,,,,Incluir en mapa URLs (canónica limpia vs categoría)
blog,P2,Maras and Moray 2026: The 7 Secrets of the White Salt and the Green Inca Circles,https://www.perugrandtravel.com/blog/maras-and-moray/,Maras and Moray,,,,Incluir en mapa URLs (canónica limpia vs categoría)
blog,P2,"Ausangate Snow: A Real Guide to Understanding, Trekking, and Experiencing Peru’s Most Sacred Mountain",https://www.perugrandtravel.com/blog/ausangate-snow/,Ausangate Snow,,,,Incluir en mapa URLs (canónica limpia vs categoría)
blog,P2,7 Mistakes to Avoid on a Trip to Machu Picchu: How to Ensure a Perfect Journey,https://www.perugrandtravel.com/blog/mistakes-to-avoid-on-a-trip-to-machu-picchu/,Mistakes to Avoid on a Trip to Machu Picchu,,,,Incluir en mapa URLs (canónica limpia vs categoría)
blog,P2,What is the best Machu Picchu itinerary?,https://www.perugrandtravel.com/blog/machu-picchu-itinerary/,Machu Picchu itinerary,,,,Incluir en mapa URLs (canónica limpia vs categoría)
blog,P2,Discover Unique Local Experiences in the Sacred Valley,https://www.perugrandtravel.com/blog/local-experiences-in-the-sacred-valley/,Local Experiences in the Sacred Valley,,,,Incluir en mapa URLs (canónica limpia vs categoría)
blog,P2,Is Peru Safe? 10 Essential Truths for an Unforgettable and Secure 2026 Journey,https://www.perugrandtravel.com/blog/is-peru-safe/,Is Peru Safe,,,,Incluir en mapa URLs (canónica limpia vs categoría)
blog,P2,"7 Mystical Experiences on the Day of the Pachamama: Rituals, Magic, and Connection in the Peruvian Andes",https://www.perugrandtravel.com/blog/day-of-the-pachamama/,Day of the Pachamama,,,,Incluir en mapa URLs (canónica limpia vs categoría)
blog,P2,7 Soulful Secrets Behind the Sacred Art of the Chinchero Communities,https://www.perugrandtravel.com/blog/art-of-the-chinchero-communities/,art of the Chinchero communities,,,,Incluir en mapa URLs (canónica limpia vs categoría)
blog,P2,7 Fascinating Secrets of Alpaca Wool Processing in the High Andes,https://www.perugrandtravel.com/blog/alpaca-wool-processing/,alpaca wool processing,,,,Incluir en mapa URLs (canónica limpia vs categoría)
blog,P2,5 Secrets of the Q'eswachaka Bridge: Crossing the Last Inca Bridge,https://www.perugrandtravel.com/blog/qeswachaka-bridge/,Q'eswachaka bridge,,,,Incluir en mapa URLs (canónica limpia vs categoría)
blog,P2,7 Forgotten Wonders of the Inca Quarries of Cachiccata: The Ultimate Luxury Trekking Guide,https://www.perugrandtravel.com/blog/inca-quarries-of-cachiccata/,Cachiccata,,,,Incluir en mapa URLs (canónica limpia vs categoría)
blog,P2,Why Visit The Peruvian Amazon?,https://www.perugrandtravel.com/blog/peruvian-amazon/,peruvian amazon,,,,Incluir en mapa URLs (canónica limpia vs categoría)
blog,P2,Cusco Hidden Gems to Visit in 2026,https://www.perugrandtravel.com/blog/cusco-hidden-gems-2026/,Cusco hidden gems,,,,Incluir en mapa URLs (canónica limpia vs categoría)
blog,P2,Our Ultimate Cusco Travel Guide,https://www.perugrandtravel.com/blog/the-ultimate-guide-to-cusco/,Ultimate Guide to Cusco,,,,Incluir en mapa URLs (canónica limpia vs categoría)
blog,P2,7 Secrets of Corpus Christi in Cusco: The Ultimate Andean Celebration,https://www.perugrandtravel.com/blog/corpus-christi/,Corpus Christi,,,,Incluir en mapa URLs (canónica limpia vs categoría)
blog,P2,The Best Day Hikes from Cusco,https://www.perugrandtravel.com/blog/the-best-day-hikes-from-cusco/,best day hikes from Cusco,,,,Incluir en mapa URLs (canónica limpia vs categoría)
blog,P2,Our Ultimate Guide to The Magical Sacred Valley Peru!,https://www.perugrandtravel.com/blog/guide-to-the-sacred-valley-peru/,Sacred Valley Peru,,,,Incluir en mapa URLs (canónica limpia vs categoría)
blog,P2,Our Ultimate Guide To The Best Restaurants In Sacred Valley,https://www.perugrandtravel.com/blog/the-best-restaurants-in-sacred-valley/,The best restaurants in Sacred Valley,,,,Incluir en mapa URLs (canónica limpia vs categoría)
blog,P2,Vinicunca Rainbow Mountain – What to Expect and Awesome Top Tips,https://www.perugrandtravel.com/blog/vinicunca-rainbow-mountain/,Vinicunca Rainbow Mountain,,,,Incluir en mapa URLs (canónica limpia vs categoría)
blog,P2,Palcoyo Rainbow Mountain: Our Ultimate Guide For 2026,https://www.perugrandtravel.com/blog/palcoyo-rainbow-mountain/,Palcoyo Rainbow Mountain,,,,Incluir en mapa URLs (canónica limpia vs categoría)
blog,P2,Peru Travel Agency: How to Choose an Awesome  Agency For Your Trip,https://www.perugrandtravel.com/blog/choosing-a-peru-travel-agency/,Peru TRavel Agency,,,,Incluir en mapa URLs (canónica limpia vs categoría)
blog,P2,Our Best Peru Travel Packages for 2026 and Beyond!,https://www.perugrandtravel.com/blog/peru-travel-packages-for-2026/,Peru Travel Packages,,,,Incluir en mapa URLs (canónica limpia vs categoría)
blog,P2,Mega Machu Picchu Travel Packages for 2026 and Beyond,https://www.perugrandtravel.com/blog/machu-picchu-travel-packages/,Machu Picchu Travel Packages,,,,Incluir en mapa URLs (canónica limpia vs categoría)
