tipo,url
tour,https://www.perugrandtravel.com/tour/tour-waqrapukara-cusco/
tour,https://www.perugrandtravel.com/tour/cusco-planetarium/
tour,https://www.perugrandtravel.com/tour/ballestas-huacachina-islands-full-day/
tour,https://www.perugrandtravel.com/tour/sacred-valley-of-the-incas-tour/
tour,https://www.perugrandtravel.com/tour/sacred-valley-machu-picchu-2d/
tour,https://www.perugrandtravel.com/tour/city-tour-in-cusco/
tour,https://www.perugrandtravel.com/tour/tour-south-valley-cusco/
tour,https://www.perugrandtravel.com/tour/cusco-rafting-and-zipline/
tour,https://www.perugrandtravel.com/tour/super-sacred-valley-tour/
tour,https://www.perugrandtravel.com/tour/condor-canyon-cusco-full-day/
tour,https://www.perugrandtravel.com/tour/dome-piuray-lagoon/
tour,https://www.perugrandtravel.com/tour/moche-route-chiclayo-and-trujillo-5d/
tour,https://www.perugrandtravel.com/tour/amazon-rainforest-4d/
tour,https://www.perugrandtravel.com/tour/amazon-rainforest-express-3d/
tour,https://www.perugrandtravel.com/tour/inca-jungle-combined-7d/
tour,https://www.perugrandtravel.com/tour/colonial-lima-and-sacred-land-of-the-incas-7d/
tour,https://www.perugrandtravel.com/tour/inca-encounters-8d/
tour,https://www.perugrandtravel.com/tour/short-inca-trail-with-amazon-rainforest-8d/
tour,https://www.perugrandtravel.com/tour/peru-amazon-rainforest-9d/
tour,https://www.perugrandtravel.com/tour/colonial-lima-huacachina-and-sacred-land-of-the-incas-9-days/
tour,https://www.perugrandtravel.com/tour/gastronomic-and-historic-peru-10d/
tour,https://www.perugrandtravel.com/tour/spectacular-peru-10d/
tour,https://www.perugrandtravel.com/tour/origins-of-the-incas-10d/
tour,https://www.perugrandtravel.com/tour/fascinating-adventure-challenge-in-the-andes-11-days/
tour,https://www.perugrandtravel.com/tour/wonderful-peru-12-days/
tour,https://www.perugrandtravel.com/tour/wonder-of-peru-coast-andes-and-rainforest-13d/
tour,https://www.perugrandtravel.com/tour/origins-and-mysteries-of-the-andes-16d/
tour,https://www.perugrandtravel.com/tour/hidden-treasures-huaraz-17d/
tour,https://www.perugrandtravel.com/tour/machu-picchu-full-day/
tour,https://www.perugrandtravel.com/tour/incredible-machu-picchu-2d/
tour,https://www.perugrandtravel.com/tour/machu-picchu-express-3d/
tour,https://www.perugrandtravel.com/tour/machu-picchu-moderate-4d/
tour,https://www.perugrandtravel.com/tour/classic-machu-picchu-5d/
tour,https://www.perugrandtravel.com/tour/machu-picchu-humantay-lake-6d/
tour,https://www.perugrandtravel.com/tour/machu-picchu-experience-picnic-with-llamas-7d/
tour,https://www.perugrandtravel.com/tour/incredible-experience-machu-picchu-7d/
tour,https://www.perugrandtravel.com/tour/unforgettable-machu-picchu-8d/
tour,https://www.perugrandtravel.com/tour/machu-picchu-challenge-8d/
tour,https://www.perugrandtravel.com/tour/machu-picchu-extreme-challenge/
tour,https://www.perugrandtravel.com/tour/peru-grand-deluxe-lima-cusco-machu-picchu-7days/
tour,https://www.perugrandtravel.com/tour/peru-grand-deluxe-by-belmond-andean-explorer-10-days/
tour,https://www.perugrandtravel.com/tour/grand-deluxe-cusco-machu-picchu-by-casa-andina-hotels-5-days/
tour,https://www.perugrandtravel.com/tour/grand-deluxe-cusco-machu-picchu-by-inkaterra-hotels-5-days/
tour,https://www.perugrandtravel.com/tour/grand-deluxe-cusco-machu-picchu-by-luxury-collection-hotels-5-days/
tour,https://www.perugrandtravel.com/tour/grand-deluxe-cusco-machu-picchu-by-belmond-5-days/
tour,https://www.perugrandtravel.com/tour/short-inca-trail-2d/
tour,https://www.perugrandtravel.com/tour/sacred-valley-short-inca-trail-3d/
tour,https://www.perugrandtravel.com/tour/classic-inca-trail-4d/
tour,https://www.perugrandtravel.com/tour/classic-inca-trail-7-days/
tour,https://www.perugrandtravel.com/tour/trek-humantay-salkantay-2d/
tour,https://www.perugrandtravel.com/tour/salkantay-trek-4-days/
tour,https://www.perugrandtravel.com/tour/the-classic-salkantay-trek-5d/
tour,https://www.perugrandtravel.com/tour/inca-jungle-trek-4d/
tour,https://www.perugrandtravel.com/tour/lares-trek-4d/
tour,https://www.perugrandtravel.com/tour/choquequirao-trek-5d/
tour,https://www.perugrandtravel.com/tour/ausangate-7-lakes-day-trip/
tour,https://www.perugrandtravel.com/tour/humantay-lake-full-day/
tour,https://www.perugrandtravel.com/tour/rainbow-mountain-full-day/
tour,https://www.perugrandtravel.com/tour/atv-rainbow-mountain/
tour,https://www.perugrandtravel.com/tour/palccoyo-rainbow-mountain-full-day/
tour,https://www.perugrandtravel.com/tour/tour-by-bike-maras-moray-and-salineras/
tour,https://www.perugrandtravel.com/tour/maras-moray-and-the-salineras-full-day/
tour,https://www.perugrandtravel.com/tour/maras-moray-and-salineras-atv-tour/
tour,https://www.perugrandtravel.com/tour/qeswachaka-bridge-full-day/
tour,https://www.perugrandtravel.com/tour/andean-wedding-full-day/
tour,https://www.perugrandtravel.com/tour/inti-raymi-full-day/
tour,https://www.perugrandtravel.com/tour/cusco-corpus-christi/
tour,https://www.perugrandtravel.com/tour/holy-week-in-cusco/
tour,https://www.perugrandtravel.com/tour/spectacular-cusco-7-days/
blog,https://www.perugrandtravel.com/blog/what-to-wear-to-machu-picchu/
blog,https://www.perugrandtravel.com/blog/machu-picchu-circuit-1/
blog,https://www.perugrandtravel.com/blog/the-best-machu-picchu-circuits/
blog,https://www.perugrandtravel.com/blog/seven-streets-of-cusco/
blog,https://www.perugrandtravel.com/blog/siete-borreguitos-street-cusco/
blog,https://www.perugrandtravel.com/blog/things-to-do-in-machu-picchu/
blog,https://www.perugrandtravel.com/blog/where-to-buy-peruvian-pisco/
blog,https://www.perugrandtravel.com/blog/coffee-shops-in-cusco/
blog,https://www.perugrandtravel.com/blog/temples-in-peru/
blog,https://www.perugrandtravel.com/blog/temple-of-the-sun-in-peru/
blog,https://www.perugrandtravel.com/blog/animals-of-peru/
blog,https://www.perugrandtravel.com/blog/where-to-buy-souvenirs-in-peru/
blog,https://www.perugrandtravel.com/blog/coca-tea/
blog,https://www.perugrandtravel.com/blog/the-best-things-to-do-in-huaraz/
blog,https://www.perugrandtravel.com/blog/is-there-snow-in-peru/
blog,https://www.perugrandtravel.com/blog/cusco-hidden-gems-2026/
blog,https://www.perugrandtravel.com/blog/machu-picchu-travel-packages/
blog,https://www.perugrandtravel.com/blog/peru-travel-packages-for-2026/
blog,https://www.perugrandtravel.com/blog/choosing-a-peru-travel-agency/
blog,https://www.perugrandtravel.com/blog/anniversary-of-lima-2026/
blog,https://www.perugrandtravel.com/blog/corpus-christi/
blog,https://www.perugrandtravel.com/blog/humantay-lake-hike-2026/
blog,https://www.perugrandtravel.com/blog/palcoyo-rainbow-mountain/
blog,https://www.perugrandtravel.com/blog/the-best-restaurants-in-sacred-valley/
blog,https://www.perugrandtravel.com/blog/what-are-things-to-do-in-lima/
blog,https://www.perugrandtravel.com/blog/what-to-wear-in-peru/
blog,https://www.perugrandtravel.com/blog/vinicunca-rainbow-mountain/
blog,https://www.perugrandtravel.com/blog/inca-trail-vs-sacred-valley-treks/
blog,https://www.perugrandtravel.com/blog/best-hotels-in-the-sacred-valley/
blog,https://www.perugrandtravel.com/blog/things-to-do-in-the-sacred-valley/
blog,https://www.perugrandtravel.com/blog/cusco-vs-sacred-valley-altitude/
blog,https://www.perugrandtravel.com/blog/the-ultimate-guide-to-cusco/
blog,https://www.perugrandtravel.com/blog/hidden-gems-of-the-sacred-valley/
blog,https://www.perugrandtravel.com/blog/guide-to-the-sacred-valley-peru/
blog,https://www.perugrandtravel.com/blog/the-best-day-hikes-from-cusco/
blog,https://www.perugrandtravel.com/blog/machu-picchu-circuit-2-vs-circuit-3/
blog,https://www.perugrandtravel.com/blog/peruvian-amazon/
blog,https://www.perugrandtravel.com/blog/discover-the-irresistible-reasons-to-visit-cusco/
blog,https://www.perugrandtravel.com/blog/inti-raymi/
blog,https://www.perugrandtravel.com/blog/inti-raymi-festival/
blog,https://www.perugrandtravel.com/blog/cusco-festivals/
blog,https://www.perugrandtravel.com/blog/main-festivities-in-cusco-you-cant-miss/
blog,https://www.perugrandtravel.com/blog/museums-in-cusco/
blog,https://www.perugrandtravel.com/blog/5-museums-in-cusco/
blog,https://www.perugrandtravel.com/blog/tipon-archaeological-site/
blog,https://www.perugrandtravel.com/blog/inca-quarries-of-cachiccata/
blog,https://www.perugrandtravel.com/blog/qeswachaka-bridge/
blog,https://www.perugrandtravel.com/blog/places-to-visit-in-cusco/
blog,https://www.perugrandtravel.com/blog/peruvian-pisco-2026/
blog,https://www.perugrandtravel.com/blog/terraces-of-moray/
blog,https://www.perugrandtravel.com/blog/south-american-camelids-similar-to-the-llama/
blog,https://www.perugrandtravel.com/blog/alpaca-wool-processing/
blog,https://www.perugrandtravel.com/blog/textile-museums-in-cusco/
blog,https://www.perugrandtravel.com/blog/art-of-the-chinchero-communities/
blog,https://www.perugrandtravel.com/blog/day-of-the-pachamama/
blog,https://www.perugrandtravel.com/blog/is-peru-safe/
blog,https://www.perugrandtravel.com/blog/machu-picchu-circuit-3-vs-circuit-1/
blog,https://www.perugrandtravel.com/blog/laguna-69/
blog,https://www.perugrandtravel.com/blog/machu-picchu-circuit-2-vs-circuit-1/
blog,https://www.perugrandtravel.com/blog/best-museums-in-lima/
blog,https://www.perugrandtravel.com/blog/peru-in-may/
blog,https://www.perugrandtravel.com/blog/know-arequipas-altitude/
blog,https://www.perugrandtravel.com/blog/machu-picchu-mountain/
blog,https://www.perugrandtravel.com/blog/traditional-dances-of-peru/
blog,https://www.perugrandtravel.com/blog/experiential-destinations-in-peru/
blog,https://www.perugrandtravel.com/blog/atv-tours-peru/
blog,https://www.perugrandtravel.com/blog/treks-to-machu-picchu/
blog,https://www.perugrandtravel.com/blog/local-experiences-in-the-sacred-valley/
blog,https://www.perugrandtravel.com/blog/inca-trail-sold-out/
blog,https://www.perugrandtravel.com/blog/peru-in-june/
blog,https://www.perugrandtravel.com/blog/photography-tips-in-machu-picchu/
blog,https://www.perugrandtravel.com/blog/labor-day-travel-to-peru/
blog,https://www.perugrandtravel.com/blog/top-5-cusco-streets/
blog,https://www.perugrandtravel.com/blog/peruvian-paso-horse/
blog,https://www.perugrandtravel.com/blog/three-kings-day-in-peru/
blog,https://www.perugrandtravel.com/blog/carlos-dreyer-museum-puno/
blog,https://www.perugrandtravel.com/blog/san-juan-bautista-church-puno/
blog,https://www.perugrandtravel.com/blog/machu-picchu-tickets-sold-out/
blog,https://www.perugrandtravel.com/blog/vinicunca-elevation/
blog,https://www.perugrandtravel.com/blog/santa-cruz-trek/
blog,https://www.perugrandtravel.com/blog/best-restaurant-in-peru/
blog,https://www.perugrandtravel.com/blog/beaches-of-lima-peru/
blog,https://www.perugrandtravel.com/blog/machu-picchu-itinerary/
blog,https://www.perugrandtravel.com/blog/mistakes-to-avoid-on-a-trip-to-machu-picchu/
blog,https://www.perugrandtravel.com/blog/hotel-in-downtown-cusco/
blog,https://www.perugrandtravel.com/blog/food-tours-in-peru/
blog,https://www.perugrandtravel.com/blog/food-in-puno/
blog,https://www.perugrandtravel.com/blog/atv-tours-in-cusco/
blog,https://www.perugrandtravel.com/blog/trujillo-marinera-festival/
blog,https://www.perugrandtravel.com/blog/virgin-of-candelaria-2026/
blog,https://www.perugrandtravel.com/blog/church-of-andahuaylillas-cusco/
blog,https://www.perugrandtravel.com/blog/laguna-69-vs-laguna-paron/
blog,https://www.perugrandtravel.com/blog/food-in-cusco/
blog,https://www.perugrandtravel.com/blog/quelccaya-glacier/
blog,https://www.perugrandtravel.com/blog/sacred-valley-and-machu-picchu-in-2-days/
blog,https://www.perugrandtravel.com/blog/andean-art/
blog,https://www.perugrandtravel.com/blog/alpaca-clothes-peru/
blog,https://www.perugrandtravel.com/blog/food-in-machu-picchu/
blog,https://www.perugrandtravel.com/blog/things-to-do-in-ollantaytambo/
blog,https://www.perugrandtravel.com/blog/llama-therapy-in-peru/
blog,https://www.perugrandtravel.com/blog/experience-rural-tourism-in-peru/
blog,https://www.perugrandtravel.com/blog/travel-planning-tips-for-machu-picchu/
blog,https://www.perugrandtravel.com/blog/the-best-time-of-year-to-visit-peru/
blog,https://www.perugrandtravel.com/blog/maras-and-moray/
blog,https://www.perugrandtravel.com/blog/ausangate-snow/
blog,https://www.perugrandtravel.com/blog/hot-springs-in-peru/
blog,https://www.perugrandtravel.com/blog/guide-mountain-of-7-colors/
blog,https://www.perugrandtravel.com/blog/huayna-picchu-vs-machu-picchu-mountain/
blog,https://www.perugrandtravel.com/blog/why-travel-to-peru/
blog,https://www.perugrandtravel.com/blog/ayacucho-museum/
blog,https://www.perugrandtravel.com/blog/cheapest-time-to-visit-peru/
blog,https://www.perugrandtravel.com/blog/things-to-do-in-iquitos/
blog,https://www.perugrandtravel.com/blog/food-in-lima/
blog,https://www.perugrandtravel.com/blog/nightlife-in-cusco/
blog,https://www.perugrandtravel.com/blog/half-day-tour-in-lima/
blog,https://www.perugrandtravel.com/blog/peruvian-food/
blog,https://www.perugrandtravel.com/blog/beaches-of-peru/
blog,https://www.perugrandtravel.com/blog/peru-lima-packages/
blog,https://www.perugrandtravel.com/blog/qhaswa-raymi-in-peru/
blog,https://www.perugrandtravel.com/blog/peru-packages/
blog,https://www.perugrandtravel.com/blog/main-square-of-puno/
blog,https://www.perugrandtravel.com/blog/family-packages-to-peru/
blog,https://www.perugrandtravel.com/blog/peru-in-april/
blog,https://www.perugrandtravel.com/blog/peru-tours/
blog,https://www.perugrandtravel.com/blog/when-to-travel-to-peru/
blog,https://www.perugrandtravel.com/blog/pukara-lithic-museum-in-peru/
blog,https://www.perugrandtravel.com/blog/how-many-days-to-stay-in-peru/
blog,https://www.perugrandtravel.com/blog/treks-in-peru/
blog,https://www.perugrandtravel.com/blog/lake-humantay/
blog,https://www.perugrandtravel.com/blog/trains-to-machu-picchu/
blog,https://www.perugrandtravel.com/blog/vinicunca-vs-palccoyo/
blog,https://www.perugrandtravel.com/blog/lares-trek-vs-ausangate-trek/
blog,https://www.perugrandtravel.com/blog/adventure-trip-for-moms/
blog,https://www.perugrandtravel.com/blog/trips-adventure-for-holy-week/
blog,https://www.perugrandtravel.com/blog/popular-museums-in-puno/
blog,https://www.perugrandtravel.com/blog/museums-in-machu-picchu/
blog,https://www.perugrandtravel.com/blog/mothers-day-in-peru/
blog,https://www.perugrandtravel.com/blog/things-to-do-in-sacred-valley/
blog,https://www.perugrandtravel.com/blog/holy-week-traditions-in-peru/
blog,https://www.perugrandtravel.com/blog/luxury-hotels-in-puno/
blog,https://www.perugrandtravel.com/blog/family-packages-to-lima/
blog,https://www.perugrandtravel.com/blog/interesting-facts-about-machu-picchu/
blog,https://www.perugrandtravel.com/blog/luxury-hotels-in-peru/
blog,https://www.perugrandtravel.com/blog/museums-in-peru/
blog,https://www.perugrandtravel.com/blog/luxury-hotels-in-aguas-calientes/
blog,https://www.perugrandtravel.com/blog/travel-for-day-mom-to-peru/
blog,https://www.perugrandtravel.com/blog/luxury-hotels-in-cusco/
blog,https://www.perugrandtravel.com/blog/labor-day-holiday-in-peru/
blog,https://www.perugrandtravel.com/blog/luxury-hotels-in-ica/
blog,https://www.perugrandtravel.com/blog/luxury-hotels-in-iquitos/
blog,https://www.perugrandtravel.com/blog/luxury-hotels-in-sacred-valley/
blog,https://www.perugrandtravel.com/blog/luxury-hotels-in-arequipa/
blog,https://www.perugrandtravel.com/blog/centro-qosqo-de-arte-nativo/
blog,https://www.perugrandtravel.com/blog/easter-sunday-in-peru/
blog,https://www.perugrandtravel.com/blog/visit-sacsayhuaman-peru/
blog,https://www.perugrandtravel.com/blog/dishes-of-holy-week/
blog,https://www.perugrandtravel.com/blog/day-tours-in-cusco/
blog,https://www.perugrandtravel.com/blog/packing-list-for-cusco/
blog,https://www.perugrandtravel.com/blog/lord-of-the-earthquakes-peru/
blog,https://www.perugrandtravel.com/blog/documentation-required-to-travel-to-peru/
blog,https://www.perugrandtravel.com/blog/inca-uyo-peru/
blog,https://www.perugrandtravel.com/blog/fun-things-to-do-in-ica-peru/
blog,https://www.perugrandtravel.com/blog/holy-week-in-peru/
blog,https://www.perugrandtravel.com/blog/craftsmans-day/
blog,https://www.perugrandtravel.com/blog/international-womens-day/
blog,https://www.perugrandtravel.com/blog/peru-for-seniors-machu-picchu/
blog,https://www.perugrandtravel.com/blog/when-are-grapes-harvested/
blog,https://www.perugrandtravel.com/blog/arequipa-half-day-tours/
blog,https://www.perugrandtravel.com/blog/half-day-tours-from-cusco-peru/
blog,https://www.perugrandtravel.com/blog/half-day-tours-in-peru/
blog,https://www.perugrandtravel.com/blog/san-juan-de-letran-church/
blog,https://www.perugrandtravel.com/blog/cusco-tourist-ticket/
blog,https://www.perugrandtravel.com/blog/visit-juli-puno-peru/
blog,https://www.perugrandtravel.com/blog/church-of-saint-anthony-of-padua/
blog,https://www.perugrandtravel.com/blog/temple-of-the-merced-in-puno/
blog,https://www.perugrandtravel.com/blog/hotels-in-puno-peru/
blog,https://www.perugrandtravel.com/blog/discover-pomata-puno-peru/
blog,https://www.perugrandtravel.com/blog/cathedral-of-puno/
blog,https://www.perugrandtravel.com/blog/andean-baroque-tour-cusco/
blog,https://www.perugrandtravel.com/blog/pino-park-in-puno-peru/
blog,https://www.perugrandtravel.com/blog/religious-tourist-ticket-cusco/
blog,https://www.perugrandtravel.com/blog/weather-in-puno-peru/
blog,https://www.perugrandtravel.com/blog/tourist-tickets-in-peru/
blog,https://www.perugrandtravel.com/blog/pisco-sour-day-2026-peru/
blog,https://www.perugrandtravel.com/blog/best-restaurants-in-trujillo-peru/
blog,https://www.perugrandtravel.com/blog/trujillo-peru-weather/
blog,https://www.perugrandtravel.com/blog/foundation-of-trujillo-peru-2026/
blog,https://www.perugrandtravel.com/blog/tourist-attractions-in-trujillo/
blog,https://www.perugrandtravel.com/blog/things-to-do-in-trujillo-2026/
blog,https://www.perugrandtravel.com/blog/world-wildlife-day-in-peru/
blog,https://www.perugrandtravel.com/blog/trujillo-peru-2026/
blog,https://www.perugrandtravel.com/blog/carnival-in-brazil-vs-carnival-in-peru/
blog,https://www.perugrandtravel.com/blog/my-journey-on-the-short-inca-trail-2-days-to-machu-picchu/
blog,https://www.perugrandtravel.com/blog/churches-in-peru-2026/
blog,https://www.perugrandtravel.com/blog/cathedrals-of-peru/
blog,https://www.perugrandtravel.com/blog/experience-in-ica-paracas-lima/
blog,https://www.perugrandtravel.com/blog/traditional-cusco-carnival/
blog,https://www.perugrandtravel.com/blog/traditional-ayacucho-carnival/
blog,https://www.perugrandtravel.com/blog/cajamarca-carnival-peru-2026/
blog,https://www.perugrandtravel.com/blog/carnival-in-lima-2026/
blog,https://www.perugrandtravel.com/blog/places-to-travel-for-valentines-day/
blog,https://www.perugrandtravel.com/blog/carnival-in-peru/
blog,https://www.perugrandtravel.com/blog/valentines-day-travel-ideas/
blog,https://www.perugrandtravel.com/blog/things-to-do-in-puno-2026/
blog,https://www.perugrandtravel.com/blog/things-to-do-in-peru-2026/
blog,https://www.perugrandtravel.com/blog/7-most-famous-peruvian-festivals/
blog,https://www.perugrandtravel.com/blog/guide-to-things-to-do-in-arequipa/
blog,https://www.perugrandtravel.com/blog/machu-picchu-tours-from-cusco/
blog,https://www.perugrandtravel.com/blog/sillustani-tombs-peru/
blog,https://www.perugrandtravel.com/blog/treks-to-machu-picchu-2026/
blog,https://www.perugrandtravel.com/blog/seven-wonders-is-coming-to-machu-picchu/
blog,https://www.perugrandtravel.com/blog/festivals-in-peru-2026/
blog,https://www.perugrandtravel.com/blog/inca-trail-2-days/
blog,https://www.perugrandtravel.com/blog/10-amazing-places-to-visit-in-peru/
blog,https://www.perugrandtravel.com/blog/best-places-to-visit-in-peru-with-kids/
blog,https://www.perugrandtravel.com/blog/why-is-machu-picchu-famous/
blog,https://www.perugrandtravel.com/blog/how-to-get-from-lima-cusco/
blog,https://www.perugrandtravel.com/blog/how-to-get-from-lima-to-cusco/
blog,https://www.perugrandtravel.com/blog/inca-trail-4-days/
blog,https://www.perugrandtravel.com/blog/inca-trail-2-days-vs-4-days/
blog,https://www.perugrandtravel.com/blog/inca-trail-to-machu-picchu-guide-2026/
blog,https://www.perugrandtravel.com/blog/what-to-see-in-puno/
blog,https://www.perugrandtravel.com/blog/what-to-do-in-puno/
blog,https://www.perugrandtravel.com/blog/things-to-do-in-lake-titicaca/
blog,https://www.perugrandtravel.com/blog/how-high-is-huaraz-peru/
blog,https://www.perugrandtravel.com/blog/how-to-visit-the-nazca-lines-from-lima/
blog,https://www.perugrandtravel.com/blog/plan-a-trip-to-machu-picchu/
blog,https://www.perugrandtravel.com/blog/when-is-summer-in-peru/
blog,https://www.perugrandtravel.com/blog/celebration-of-new-year-in-cusco/
blog,https://www.perugrandtravel.com/blog/christmas-fair-in-cusco/
blog,https://www.perugrandtravel.com/blog/traditional-christmas-in-peru/
blog,https://www.perugrandtravel.com/blog/activities-to-do-in-paracas-peru/
blog,https://www.perugrandtravel.com/blog/the-3-best-routes-to-get-to-puno/
blog,https://www.perugrandtravel.com/blog/10-places-to-go-in-lima-that-will-make-you-fall-in-love-with-the-city/
blog,https://www.perugrandtravel.com/blog/discover-the-history-of-the-white-christ-in-cusco-and-how-to-get-there/
blog,https://www.perugrandtravel.com/blog/tickets-to-machu-picchu/
blog,https://www.perugrandtravel.com/blog/machu-picchu-butterfly-sanctuary/
blog,https://www.perugrandtravel.com/blog/weather-in-cusco/
blog,https://www.perugrandtravel.com/blog/winay-wayna/
blog,https://www.perugrandtravel.com/blog/trekking-in-peru/
blog,https://www.perugrandtravel.com/blog/festivals-and-holidays-in-peru/
blog,https://www.perugrandtravel.com/blog/best-time-to-visit-lima/
blog,https://www.perugrandtravel.com/blog/the-lord-of-miracles/
blog,https://www.perugrandtravel.com/blog/temples-and-cathedrals-in-peru/
blog,https://www.perugrandtravel.com/blog/rainy-season-in-peru/
blog,https://www.perugrandtravel.com/blog/luxury-travel-experiences/
blog,https://www.perugrandtravel.com/blog/best-hotels-to-stay-in-cusco/
blog,https://www.perugrandtravel.com/blog/markets-in-cusco/
blog,https://www.perugrandtravel.com/blog/colorful-mountains-in-peru/
blog,https://www.perugrandtravel.com/blog/altitude-sickness-in-cusco/
blog,https://www.perugrandtravel.com/blog/machu-picchu-circuit-2/
blog,https://www.perugrandtravel.com/blog/machu-picchu-circuit-3/
blog,https://www.perugrandtravel.com/blog/why-do-they-eat-guinea-pig-in-peru/
blog,https://www.perugrandtravel.com/blog/best-restaurants-in-lima/
blog,https://www.perugrandtravel.com/blog/the-7-most-representative-species-of-peruvian-birds/
blog,https://www.perugrandtravel.com/blog/luxury-trip-to-peru/
blog,https://www.perugrandtravel.com/blog/luxury-hotels-in-lima-peru/
blog,https://www.perugrandtravel.com/blog/peru-travel-tips/
blog,https://www.perugrandtravel.com/blog/tourism-in-peru/
blog,https://www.perugrandtravel.com/blog/luxury-hotel-paracas/
blog,https://www.perugrandtravel.com/blog/luxury-peru-vacations/
blog,https://www.perugrandtravel.com/blog/best-things-to-see-in-lima/
blog,https://www.perugrandtravel.com/blog/luxury-hotels-in-peru-belmond/
blog,https://www.perugrandtravel.com/blog/luxury-train-to-machu-picchu/
blog,https://www.perugrandtravel.com/blog/machu-picchu-luxury-tours/
blog,https://www.perugrandtravel.com/blog/things-to-do-in-ica-peru/
blog,https://www.perugrandtravel.com/blog/vacation-in-peru/
blog,https://www.perugrandtravel.com/blog/7-day-trip-to-peru/
blog,https://www.perugrandtravel.com/blog/floating-island-of-uros/
blog,https://www.perugrandtravel.com/blog/what-to-visit-in-cusco/
blog,https://www.perugrandtravel.com/blog/peruvian-street-food/
blog,https://www.perugrandtravel.com/blog/souvenirs-from-peru/
blog,https://www.perugrandtravel.com/blog/andean-explorer-train/
blog,https://www.perugrandtravel.com/blog/ballestas-islands-peru/
blog,https://www.perugrandtravel.com/blog/choquequirao-trek-to-machu-picchu/
blog,https://www.perugrandtravel.com/blog/visit-machu-picchu/
blog,https://www.perugrandtravel.com/blog/how-do-you-get-from-cusco-to-machu-picchu/
blog,https://www.perugrandtravel.com/blog/7-days-in-peru-lima-cusco-and-puno/
blog,https://www.perugrandtravel.com/blog/altitude-sickness-peru/
blog,https://www.perugrandtravel.com/blog/top-5-viewpoints-cusco/
blog,https://www.perugrandtravel.com/blog/qeswachaka-the-inca-bridge/
blog,https://www.perugrandtravel.com/blog/where-is-machu-picchu-guide/
blog,https://www.perugrandtravel.com/blog/10-peruvian-dishes/
blog,https://www.perugrandtravel.com/blog/top-6-lima-parks/
blog,https://www.perugrandtravel.com/blog/peruvian-jungle-packing-guide/
blog,https://www.perugrandtravel.com/blog/colca-canyon/
blog,https://www.perugrandtravel.com/blog/machu-picchu-mountain-peru/
blog,https://www.perugrandtravel.com/blog/huayna-picchu/
blog,https://www.perugrandtravel.com/blog/10-peruvian-desserts/
blog,https://www.perugrandtravel.com/blog/huaraz-in-peru/
blog,https://www.perugrandtravel.com/blog/vacation-to-machu-picchu/
blog,https://www.perugrandtravel.com/blog/hotels-in-tambopata/
blog,https://www.perugrandtravel.com/blog/rainbow-mountain/
blog,https://www.perugrandtravel.com/blog/huacachina-oasis-peruvian/
blog,https://www.perugrandtravel.com/blog/interesting-facts-about-machu-picchu-on-your-travel/
blog,https://www.perugrandtravel.com/blog/short-inca-trail/
blog,https://www.perugrandtravel.com/blog/train-from-cusco-to-machu-picchu/
blog,https://www.perugrandtravel.com/blog/machu-picchu-town/
blog,https://www.perugrandtravel.com/blog/is-it-safe-to-go-to-peru/
blog,https://www.perugrandtravel.com/blog/best-things-to-do-in-cusco/
blog,https://www.perugrandtravel.com/blog/one-week-in-peru/
blog,https://www.perugrandtravel.com/blog/salkantay-trek-packing-list/
blog,https://www.perugrandtravel.com/blog/honeymoon-in-peru/
blog,https://www.perugrandtravel.com/blog/cusco-tourist-ticket-peru/
blog,https://www.perugrandtravel.com/blog/andean-wedding/
blog,https://www.perugrandtravel.com/blog/hotels-in-cusco/
blog,https://www.perugrandtravel.com/blog/peruvian-drinks/
blog,https://www.perugrandtravel.com/blog/queros-peru-community/
blog,https://www.perugrandtravel.com/blog/hot-springs-in-aguas-calientes/
blog,https://www.perugrandtravel.com/blog/luxury-machu-picchu-in-10-days/
blog,https://www.perugrandtravel.com/blog/visits-to-peru-one-week-itinerary/
blog,https://www.perugrandtravel.com/blog/cusco-and-the-sacred-valley-of-the-incas/
blog,https://www.perugrandtravel.com/blog/the-best-time-to-visit-peru/
blog,https://www.perugrandtravel.com/blog/best-time-to-visit-machu-picchu/
blog,https://www.perugrandtravel.com/blog/the-top-3-hikes-in-cusco/
blog,https://www.perugrandtravel.com/blog/machu-picchu-one-day-tour/
blog,https://www.perugrandtravel.com/blog/family-packages-to-cusco/
blog,https://www.perugrandtravel.com/blog/find-out-how-to-have-the-best-4-days-in-cusco/
blog,https://www.perugrandtravel.com/blog/peru-plug/
blog,https://www.perugrandtravel.com/blog/7-days-in-peru/
blog,https://www.perugrandtravel.com/blog/nazca-lines-tours/
blog,https://www.perugrandtravel.com/blog/arequipa-food-cuisine/
blog,https://www.perugrandtravel.com/blog/how-to-get-to-arequipa/
blog,https://www.perugrandtravel.com/blog/historic-arequipa-center/
blog,https://www.perugrandtravel.com/blog/festivities-in-arequipa/
blog,https://www.perugrandtravel.com/blog/restaurants-in-arequipa/
blog,https://www.perugrandtravel.com/blog/discover-the-legends-of-lake-titicaca/
blog,https://www.perugrandtravel.com/blog/halloween-and-creole-song/
blog,https://www.perugrandtravel.com/blog/the-sun-of-echenique/
blog,https://www.perugrandtravel.com/blog/recommendations-puerto-maldonado-jungle/
blog,https://www.perugrandtravel.com/blog/geoglyphs-and-petroglyphs/
blog,https://www.perugrandtravel.com/blog/tourist-places-in-puerto-maldonado/
blog,https://www.perugrandtravel.com/blog/day-of-the-saints-and-dead/
blog,https://www.perugrandtravel.com/blog/options-for-discovering-peru-in-10-days/
blog,https://www.perugrandtravel.com/blog/virgin-of-candelaria-in-puno/
blog,https://www.perugrandtravel.com/blog/ceviche-peru-in-10-days/
blog,https://www.perugrandtravel.com/blog/trip-to-peru-in-12-days/
blog,https://www.perugrandtravel.com/blog/discover-the-wonders-of-the-andean-mountains-an-epic-11-day-adventure/
blog,https://www.perugrandtravel.com/blog/4-days-on-the-inca-trail/
blog,https://www.perugrandtravel.com/blog/the-peruvian-jungle-tourist-packages-to-the-amazon/
blog,https://www.perugrandtravel.com/blog/traveling-to-machu-picchu-with-tour-packages/
blog,https://www.perugrandtravel.com/blog/how-to-have-a-perfect-picnic-with-llamas/
blog,https://www.perugrandtravel.com/blog/what-to-visit-on-the-inca-adventure-route-in-8-days/
blog,https://www.perugrandtravel.com/blog/adventure-at-machu-picchu-humantay-lake-on-a-6-day/
blog,https://www.perugrandtravel.com/blog/lima-cusco-and-machu-picchu/
blog,https://www.perugrandtravel.com/blog/the-7-inca-temples/
blog,https://www.perugrandtravel.com/blog/chaski-inca-the-swift-messengers/
blog,https://www.perugrandtravel.com/blog/how-to-enjoy-the-salkantay-trek-4-days/
blog,https://www.perugrandtravel.com/blog/what-to-see-in-lima-and-cusco-in-9-days-complete-guide-for-an-unforgettable-trip/
blog,https://www.perugrandtravel.com/blog/discover-inca-hydraulic-engineering-a-masterpiece-of-antiquity/
blog,https://www.perugrandtravel.com/blog/what-to-see-in-cusco-in-3-days-a-complete-guide-for-travelers-with-limited-time/
blog,https://www.perugrandtravel.com/blog/lagoons-to-visit-in-huaraz-a-natural-paradise-in-the-andes/
blog,https://www.perugrandtravel.com/blog/local-crafts-in-cusco/
blog,https://www.perugrandtravel.com/blog/christmas-in-cusco-and-machupicchu/
blog,https://www.perugrandtravel.com/blog/best-places-to-visit-cusco/
blog,https://www.perugrandtravel.com/blog/chicha-of-jora/
blog,https://www.perugrandtravel.com/blog/family-trip-to-peru/
blog,https://www.perugrandtravel.com/blog/traditional-peruvian-dishes/
blog,https://www.perugrandtravel.com/blog/tips-for-traveling-to-peru/
blog,https://www.perugrandtravel.com/blog/peru-honeymoon/
blog,https://www.perugrandtravel.com/blog/what-to-see-in-peru/
blog,https://www.perugrandtravel.com/blog/rural-tourism-in-peru/
blog,https://www.perugrandtravel.com/blog/tourist-attractions-peruvian-jungle/
blog,https://www.perugrandtravel.com/blog/tourist-places-of-the-peruvian-coast/
blog,https://www.perugrandtravel.com/blog/best-beaches-in-peru/
blog,https://www.perugrandtravel.com/blog/things-to-do-in-huaraz/
blog,https://www.perugrandtravel.com/blog/cusco-tourist-places/
blog,https://www.perugrandtravel.com/blog/what-to-do-in-aguas-calientes/
blog,https://www.perugrandtravel.com/blog/things-to-do-in-ica/
blog,https://www.perugrandtravel.com/blog/beaches-in-lima/
blog,https://www.perugrandtravel.com/blog/things-to-do-in-cusco/
blog,https://www.perugrandtravel.com/blog/sacred-valley-ruins/
blog,https://www.perugrandtravel.com/blog/salkantay-mountain/
blog,https://www.perugrandtravel.com/blog/lares-trek-peru-guide/
blog,https://www.perugrandtravel.com/blog/adventure-in-ica/
blog,https://www.perugrandtravel.com/blog/ausangate-7-lakes/
blog,https://www.perugrandtravel.com/blog/choquequirao-how-to-get-there/
blog,https://www.perugrandtravel.com/blog/climate-in-peru-best-time-to-travel/
blog,https://www.perugrandtravel.com/blog/restaurants-in-cusco/
blog,https://www.perugrandtravel.com/blog/cusco-luxury/
blog,https://www.perugrandtravel.com/blog/machu-picchu-in-5-days/
blog,https://www.perugrandtravel.com/blog/puno-tourist-attractions/
blog,https://www.perugrandtravel.com/blog/typical-foods-of-puno/
blog,https://www.perugrandtravel.com/blog/uros-floating-islands/
blog,https://www.perugrandtravel.com/blog/lima-tourist-attractions/
blog,https://www.perugrandtravel.com/blog/best-food-in-lima/
blog,https://www.perugrandtravel.com/blog/what-to-do-in-barranco/
blog,https://www.perugrandtravel.com/blog/things-to-do-in-miraflores/
blog,https://www.perugrandtravel.com/blog/bridge-of-sighs-barranco-lima/
blog,https://www.perugrandtravel.com/blog/where-to-change-money-in-lima/
blog,https://www.perugrandtravel.com/blog/tourist-places-in-lima/
blog,https://www.perugrandtravel.com/blog/catacombs-of-lima/
blog,https://www.perugrandtravel.com/blog/the-safest-districts-in-lima/
blog,https://www.perugrandtravel.com/blog/places-to-visit-in-the-center-of-lima/
blog,https://www.perugrandtravel.com/blog/churches-in-the-center-of-lima/
blog,https://www.perugrandtravel.com/blog/what-to-see-and-do-in-lima/
blog,https://www.perugrandtravel.com/blog/museums-in-lima/
blog,https://www.perugrandtravel.com/blog/tips-for-traveling-to-lima/
blog,https://www.perugrandtravel.com/blog/viewpoints-in-lima/
blog,https://www.perugrandtravel.com/blog/legend-of-huacachina-ica/
blog,https://www.perugrandtravel.com/blog/flora-and-fauna-of-machu-picchu/
blog,https://www.perugrandtravel.com/blog/huayna-picchu-mountain/
blog,https://www.perugrandtravel.com/blog/best-time-to-do-the-inca-trail/
blog,https://www.perugrandtravel.com/blog/inca-trail-vs-salkantay/
blog,https://www.perugrandtravel.com/blog/sanctuary-of-the-senor-de-huanca/
blog,https://www.perugrandtravel.com/blog/laguna-humantay-cusco/
blog,https://www.perugrandtravel.com/blog/when-is-the-best-time-to-do-the-salkantay-trek/
blog,https://www.perugrandtravel.com/blog/tips-for-doing-the-salkantay-trek/
blog,https://www.perugrandtravel.com/blog/machu-picchu-tourist-attractions/
blog,https://www.perugrandtravel.com/blog/cusco-tourist-attractions/
blog,https://www.perugrandtravel.com/blog/best-restaurants-in-aguas-calientes/
blog,https://www.perugrandtravel.com/blog/inca-trail-faq/
blog,https://www.perugrandtravel.com/blog/tips-rainbow-mountain-peru/
blog,https://www.perugrandtravel.com/blog/tips-palccoyo-peru/
blog,https://www.perugrandtravel.com/blog/holy-week-in-cusco/
blog,https://www.perugrandtravel.com/blog/best-food-in-cusco/
blog,https://www.perugrandtravel.com/blog/reasons-to-visit-machu-picchu/
blog,https://www.perugrandtravel.com/blog/best-markets-in-cusco/
blog,https://www.perugrandtravel.com/blog/butterfly-conservatory-of-machu-picchu/
blog,https://www.perugrandtravel.com/blog/recommendations-for-traveling-to-cusco/
blog,https://www.perugrandtravel.com/blog/fascinating-cusco-curiosities/
blog,https://www.perugrandtravel.com/blog/frequently-asked-questions-machupicchu-circuits/
blog,https://www.perugrandtravel.com/blog/new-circuits-in-machu-picchu/
blog,https://www.perugrandtravel.com/blog/physical-preparation-for-the-salkantay-trek/
blog,https://www.perugrandtravel.com/blog/machu-picchu-in-december/
blog,https://www.perugrandtravel.com/blog/where-is-machu-picchu/
blog,https://www.perugrandtravel.com/blog/what-is-the-best-time-to-travel-to-peru-machu-picchu/
blog,https://www.perugrandtravel.com/blog/waqrapukara/
blog,https://www.perugrandtravel.com/blog/the-ia-unearths-303-new-figures-in-nazca/
blog,https://www.perugrandtravel.com/blog/cusco-in-couples/
blog,https://www.perugrandtravel.com/blog/discover-the-culture-of-cusco/
blog,https://www.perugrandtravel.com/blog/2-weeks-in-peru/
blog,https://www.perugrandtravel.com/blog/august-month-of-pachamama-in-peru/
blog,https://www.perugrandtravel.com/blog/sanctuary-of-the-lord-of-pampacucho/
blog,https://www.perugrandtravel.com/blog/instagrammable-tourist-spots-in-cusco/
blog,https://www.perugrandtravel.com/blog/hidden-places-in-cusco/
blog,https://www.perugrandtravel.com/blog/legends-of-cusco/
blog,https://www.perugrandtravel.com/blog/cusco-travel-guide/
blog,https://www.perugrandtravel.com/blog/family-tourism-in-nazca-paracas-ica/
blog,https://www.perugrandtravel.com/blog/peruvian-pisco-from-ica/
blog,https://www.perugrandtravel.com/blog/family-tourism-in-puno/
blog,https://www.perugrandtravel.com/blog/birdwatching-in-machu-picchu/
blog,https://www.perugrandtravel.com/blog/machu-picchu-world-heritage/
blog,https://www.perugrandtravel.com/blog/machu-picchu-and-the-mysticism-of-the-andes/
blog,https://www.perugrandtravel.com/blog/hidden-secrets-of-machu-picchu/
blog,https://www.perugrandtravel.com/blog/discover-machu-picchu-with-family/
blog,https://www.perugrandtravel.com/blog/best-time-to-travel-to-puerto-maldonado/
blog,https://www.perugrandtravel.com/blog/family-tourism-puerto-maldonado/
blog,https://www.perugrandtravel.com/blog/amazon-myths/
blog,https://www.perugrandtravel.com/blog/humantay-lagoon-rainbow-mountain/
blog,https://www.perugrandtravel.com/blog/travel-guide-laguna-humantay/
blog,https://www.perugrandtravel.com/blog/discover-the-best-ways-to-get-to-machu-picchu-from-cusco/
page,https://www.perugrandtravel.com/
page,https://www.perugrandtravel.com/peru/lima/archaeological-sites/
page,https://www.perugrandtravel.com/blogs/
page,https://www.perugrandtravel.com/social-projects/christmas/
page,https://www.perugrandtravel.com/social-projects/cleaning-campaigns/
page,https://www.perugrandtravel.com/covid-19/
page,https://www.perugrandtravel.com/esnna/
page,https://www.perugrandtravel.com/travel-styles/
page,https://www.perugrandtravel.com/peru/lima/squares-and-parks/parque-del-amor/
page,https://www.perugrandtravel.com/peru/lima/squares-and-parks/magical-water-circuit-lima/
page,https://www.perugrandtravel.com/peru/lima/churches-and-convents/basilica-and-convent-of-santo-domingo-lima/
page,https://www.perugrandtravel.com/peru/lima/churches-and-convents/convent-of-our-lady-of-la-merced/
page,https://www.perugrandtravel.com/peru/lima/churches-and-convents/basilica-and-convent-of-san-francisco/
page,https://www.perugrandtravel.com/peru/lima/churches-and-convents/basilica-cathedral-of-lima/
page,https://www.perugrandtravel.com/peru/lima/museums/national-museum-of-archaeology-anthropology-and-history-of-peru/
page,https://www.perugrandtravel.com/peru/lima/museums/rafael-larco-herrera/
page,https://www.perugrandtravel.com/peru/lima/archaeological-sites/pachacamac/
page,https://www.perugrandtravel.com/peru/lima/archaeological-sites/huaca-pucllana/
page,https://www.perugrandtravel.com/peru/lima/archaeological-sites/caral/
page,https://www.perugrandtravel.com/peru/cusco/archaeological-sites/ollantaytambo/
page,https://www.perugrandtravel.com/peru/cusco/archaeological-sites/coricancha/
page,https://www.perugrandtravel.com/peru/cusco/archaeological-sites/tambomachay/
page,https://www.perugrandtravel.com/peru/cusco/archaeological-sites/puka-pukara/
page,https://www.perugrandtravel.com/peru/cusco/archaeological-sites/qenqo/
page,https://www.perugrandtravel.com/peru/cusco/archaeological-sites/sacsayhuaman/
page,https://www.perugrandtravel.com/peru/cusco/archaeological-sites/
page,https://www.perugrandtravel.com/peru/cusco/archaeological-sites/chinchero/
page,https://www.perugrandtravel.com/peru/cusco/archaeological-sites/choquequirao/
page,https://www.perugrandtravel.com/peru/cusco/archaeological-sites/raqchi/
page,https://www.perugrandtravel.com/peru/lima/squares-and-parks/
page,https://www.perugrandtravel.com/peru/lima/churches-and-convents/
page,https://www.perugrandtravel.com/peru/lima/museums/
page,https://www.perugrandtravel.com/peru/lima/natural-attractions/
page,https://www.perugrandtravel.com/peru/lima/natural-attractions/costa-verde/
page,https://www.perugrandtravel.com/awards-and-recognitions/
page,https://www.perugrandtravel.com/destinations/
page,https://www.perugrandtravel.com/community-projects/
page,https://www.perugrandtravel.com/tailor-made-tour/
page,https://www.perugrandtravel.com/payment-methods/
page,https://www.perugrandtravel.com/policy-terms-and-conditions/
page,https://www.perugrandtravel.com/privacy-policy-and-data-protection/
page,https://www.perugrandtravel.com/join-to-peru-grand-travel/
page,https://www.perugrandtravel.com/peru/
page,https://www.perugrandtravel.com/social-projects/
page,https://www.perugrandtravel.com/salkantay-treks/
page,https://www.perugrandtravel.com/peru/ica/
page,https://www.perugrandtravel.com/peru/huaraz/
page,https://www.perugrandtravel.com/peru/puno/
page,https://www.perugrandtravel.com/peru/arequipa/
page,https://www.perugrandtravel.com/peru/lima/
page,https://www.perugrandtravel.com/peru/cusco/
page,https://www.perugrandtravel.com/sustainable-tourism/
page,https://www.perugrandtravel.com/legal-documents/
page,https://www.perugrandtravel.com/policy-against-exploitation-and-harassment/
page,https://www.perugrandtravel.com/contact-us/
page,https://www.perugrandtravel.com/about-us/
page,https://www.perugrandtravel.com/packages/
page,https://www.perugrandtravel.com/machu-picchu-packages/
page,https://www.perugrandtravel.com/luxury-tours/
page,https://www.perugrandtravel.com/inca-trail-tours/
page,https://www.perugrandtravel.com/day-tours-in-cusco/
page,https://www.perugrandtravel.com/offers/
tour_category,https://www.perugrandtravel.com/tour-category/alternative-inca-trail-treks/
tour_category,https://www.perugrandtravel.com/tour-category/best-selling-packages-in-peru/
tour_category,https://www.perugrandtravel.com/tour-category/day-tours-in-cusco/
tour_category,https://www.perugrandtravel.com/tour-category/inca-trail-treks/
tour_category,https://www.perugrandtravel.com/tour-category/tours-in-machu-picchu/
tour_category,https://www.perugrandtravel.com/tour-category/tours-in-peru/
